AttachmentId,FileName,ClientId,MatterId,Length,EmailId,Sent,Subject,Sender,AnomalyType,AnomalyName
1217,Et voluptates non sit quia et ut.png,FADELLLC,93068176,52962304,401,17/01/2017 02:30:57,Nisi dolorem ipsa delectus illo incidunt voluptatem.,orpha.medhurst@tremblayhamill.org,3,Matter attachment to non-corporate domain
1218,Necessitatibus hic quis velit rerum sed fugiat molestiae.doc,FADELLLC,93068176,70787072,401,17/01/2017 02:30:57,Nisi dolorem ipsa delectus illo incidunt voluptatem.,orpha.medhurst@tremblayhamill.org,3,Matter attachment to non-corporate domain
1219,Sint accusantium ut et recusandae porro qui quibusdam nulla beatae.pptx,BAUMBACHANDERSONANDWHITE,87611229,83608576,402,16/01/2017 22:16:47,Qui odio autem quaerat voluptas harum est harum ut.,santiago.white@tremblayhamill.org,3,Matter attachment to non-corporate domain
1220,Enim voluptatibus dolorem.pdf,BAUMBACHANDERSONANDWHITE,87611229,41577472,402,16/01/2017 22:16:47,Qui odio autem quaerat voluptas harum est harum ut.,santiago.white@tremblayhamill.org,3,Matter attachment to non-corporate domain
1221,Voluptatibus debitis vitae qui reprehenderit aut quis quae.xls,BAUMBACHANDERSONANDWHITE,87611229,16800768,402,16/01/2017 22:16:47,Qui odio autem quaerat voluptas harum est harum ut.,santiago.white@tremblayhamill.org,3,Matter attachment to non-corporate domain
1222,Facere rerum et voluptatibus et et qui neque similique.pdf,MILLSRODRIGUEZANDBAHRINGER,70481930,36317184,403,17/01/2017 19:38:02,Earum id dolores.,santiago.white@tremblayhamill.org,3,Matter attachment to non-corporate domain
1223,Libero corrupti consequuntur quia.xls,ORNLEBSACKANDROWE,24321532,37646336,404,19/01/2017 19:57:16,A minus error libero vitae eaque minima explicabo.,santiago.white@tremblayhamill.org,3,Matter attachment to non-corporate domain
1224,Autem aspernatur sit totam corrupti.xlsx,ORNLEBSACKANDROWE,24321532,104185856,404,19/01/2017 19:57:16,A minus error libero vitae eaque minima explicabo.,santiago.white@tremblayhamill.org,3,Matter attachment to non-corporate domain
1225,Voluptatem mollitia et sed modi quo ipsum et.docx,ORNLEBSACKANDROWE,24321532,50314240,404,19/01/2017 19:57:16,A minus error libero vitae eaque minima explicabo.,santiago.white@tremblayhamill.org,3,Matter attachment to non-corporate domain
1226,Qui nulla rem qui suscipit ullam corrupti et.xls,GOODWINSTRACKEANDSENGER,91338967,32955392,405,16/01/2017 06:12:20,Cumque ut commodi eaque aut eveniet.,araceli.bode@tremblayhamill.org,3,Matter attachment to non-corporate domain
1227,Repellendus repudiandae qui ea aut qui velit culpa et consequatur.zip,MAYERTKOVACEK,78807183,9764864,406,17/01/2017 02:10:52,Ipsam et fuga quae.,orpha.medhurst@tremblayhamill.org,3,Matter attachment to non-corporate domain
1228,Facere aut fugiat error deserunt.xls,MAYERTKOVACEK,78807183,88538112,406,17/01/2017 02:10:52,Ipsam et fuga quae.,orpha.medhurst@tremblayhamill.org,3,Matter attachment to non-corporate domain
1229,Eos maxime sit fugit et ut optio in ut enim.zip,MAYERTKOVACEK,78807183,93983744,406,17/01/2017 02:10:52,Ipsam et fuga quae.,orpha.medhurst@tremblayhamill.org,3,Matter attachment to non-corporate domain
1230,Nobis illum itaque itaque iure autem nesciunt est sint quo.jpg,MAYERTKOVACEK,78807183,31915008,406,17/01/2017 02:10:52,Ipsam et fuga quae.,orpha.medhurst@tremblayhamill.org,3,Matter attachment to non-corporate domain
1231,Vel et sit omnis.pptx,BRAUNWIEGANDANDWOLF,40039535,67910656,407,15/01/2017 20:28:23,Qui laboriosam adipisci.,josh.walsh@tremblayhamill.org,3,Matter attachment to non-corporate domain
1232,Quis modi doloremque quis odit placeat sint quos.jpg,LEHNERLLC,14411215,60617728,408,19/01/2017 19:28:57,Exercitationem eveniet fuga.,nedra.pfeffer@tremblayhamill.org,3,Matter attachment to non-corporate domain
1233,Mollitia odit sint eaque est iste eligendi sed labore.pdf,LEHNERLLC,14411215,50152448,408,19/01/2017 19:28:57,Exercitationem eveniet fuga.,nedra.pfeffer@tremblayhamill.org,3,Matter attachment to non-corporate domain
1234,Ducimus atque sint.ppt,DONNELLYINC,79205762,3663872,409,19/01/2017 18:34:27,Voluptas iusto et omnis blanditiis minus molestiae eos sunt eos.,soledad.rolfson@tremblayhamill.org,3,Matter attachment to non-corporate domain
1235,Doloremque est laboriosam non alias laboriosam.docx,DONNELLYINC,79205762,45362176,409,19/01/2017 18:34:27,Voluptas iusto et omnis blanditiis minus molestiae eos sunt eos.,soledad.rolfson@tremblayhamill.org,3,Matter attachment to non-corporate domain
1236,Ab in quidem sint sed.pptx,DONNELLYINC,79205762,90100736,409,19/01/2017 18:34:27,Voluptas iusto et omnis blanditiis minus molestiae eos sunt eos.,soledad.rolfson@tremblayhamill.org,3,Matter attachment to non-corporate domain
1237,Voluptatibus rem veritatis exercitationem eaque voluptate veniam voluptatem.ppt,HARVEYOKONANDTOY,75006741,21510144,410,15/01/2017 05:06:36,Laborum molestias totam iste.,nedra.pfeffer@tremblayhamill.org,3,Matter attachment to non-corporate domain
1238,Nihil quis officiis nesciunt.docx,HARVEYOKONANDTOY,75006741,52943872,410,15/01/2017 05:06:36,Laborum molestias totam iste.,nedra.pfeffer@tremblayhamill.org,3,Matter attachment to non-corporate domain
1239,Excepturi fugiat et voluptatum odio laboriosam culpa.jpg,HARVEYOKONANDTOY,75006741,54180864,410,15/01/2017 05:06:36,Laborum molestias totam iste.,nedra.pfeffer@tremblayhamill.org,3,Matter attachment to non-corporate domain
1240,Eos officiis autem incidunt dolores dignissimos.png,HARVEYOKONANDTOY,75006741,25095168,410,15/01/2017 05:06:36,Laborum molestias totam iste.,nedra.pfeffer@tremblayhamill.org,3,Matter attachment to non-corporate domain
1241,Hic illo quaerat quis non quas.docx,BECHTELARUPTONANDHILLL,55783452,47406080,411,19/01/2017 22:15:00,Et voluptatem ut sed suscipit esse minima.,luigi.hahn@tremblayhamill.org,3,Matter attachment to non-corporate domain
1242,Aliquam ipsum eos quia iste magni aut quis.zip,BECHTELARUPTONANDHILLL,55783452,75817984,411,19/01/2017 22:15:00,Et voluptatem ut sed suscipit esse minima.,luigi.hahn@tremblayhamill.org,3,Matter attachment to non-corporate domain
1243,Aut omnis ut autem assumenda.xlsx,RUTHERFORDRENNER,05905078,96678912,412,16/01/2017 19:28:23,Consequatur repudiandae aut itaque et consequatur dolorem quas non ut.,josh.walsh@tremblayhamill.org,3,Matter attachment to non-corporate domain
1244,Laboriosam inventore velit maiores voluptate.xls,RUTHERFORDRENNER,05905078,59366400,412,16/01/2017 19:28:23,Consequatur repudiandae aut itaque et consequatur dolorem quas non ut.,josh.walsh@tremblayhamill.org,3,Matter attachment to non-corporate domain
1245,Voluptatem sunt ipsam quo sequi.xlsx,RUTHERFORDRENNER,05905078,13287424,412,16/01/2017 19:28:23,Consequatur repudiandae aut itaque et consequatur dolorem quas non ut.,josh.walsh@tremblayhamill.org,3,Matter attachment to non-corporate domain
1246,Error consequuntur porro.pptx,RUTHERFORDRENNER,05905078,48231424,412,16/01/2017 19:28:23,Consequatur repudiandae aut itaque et consequatur dolorem quas non ut.,josh.walsh@tremblayhamill.org,3,Matter attachment to non-corporate domain
1247,Iste nam at repudiandae hic dolores soluta eaque.doc,KONOPELSKIERNSERANDBRAKUS,45867006,88223744,413,16/01/2017 04:57:39,Non eligendi et.,santiago.white@tremblayhamill.org,3,Matter attachment to non-corporate domain
1248,Ea quia dolorem quisquam ullam dolores consequatur rerum perspiciatis sit.pptx,KONOPELSKIERNSERANDBRAKUS,45867006,64040960,413,16/01/2017 04:57:39,Non eligendi et.,santiago.white@tremblayhamill.org,3,Matter attachment to non-corporate domain
1249,Quibusdam aliquid mollitia nostrum.pptx,KONOPELSKIERNSERANDBRAKUS,45867006,10388480,413,16/01/2017 04:57:39,Non eligendi et.,santiago.white@tremblayhamill.org,3,Matter attachment to non-corporate domain
1250,Repellat nihil facilis.xls,SCHMITTBALISTRERIANDHICKLE,25100342,66135040,414,18/01/2017 12:01:41,Officia id amet et et aperiam molestias.,soledad.rolfson@tremblayhamill.org,3,Matter attachment to non-corporate domain
1251,Aut tenetur exercitationem et a error est.doc,SCHMITTBALISTRERIANDHICKLE,25100342,23876608,414,18/01/2017 12:01:41,Officia id amet et et aperiam molestias.,soledad.rolfson@tremblayhamill.org,3,Matter attachment to non-corporate domain
1252,Reprehenderit odio dolores voluptates eum non dolorem error magni optio.zip,SCHMITTBALISTRERIANDHICKLE,25100342,62715904,414,18/01/2017 12:01:41,Officia id amet et et aperiam molestias.,soledad.rolfson@tremblayhamill.org,3,Matter attachment to non-corporate domain
1253,Quasi sit minus facilis et aut quisquam et et quaerat.docx,ADAMSWITTING,87068593,2637824,415,15/01/2017 01:31:52,Non tenetur aut quis aut saepe ut dolor reprehenderit.,nedra.pfeffer@tremblayhamill.org,3,Matter attachment to non-corporate domain
1254,Est laborum earum repellendus qui sapiente aspernatur.pptx,ADAMSWITTING,87068593,19604480,415,15/01/2017 01:31:52,Non tenetur aut quis aut saepe ut dolor reprehenderit.,nedra.pfeffer@tremblayhamill.org,3,Matter attachment to non-corporate domain
1255,Rerum quam quasi qui sit voluptas facere omnis.zip,ADAMSWITTING,87068593,32939008,415,15/01/2017 01:31:52,Non tenetur aut quis aut saepe ut dolor reprehenderit.,nedra.pfeffer@tremblayhamill.org,3,Matter attachment to non-corporate domain
1256,Debitis dolor veniam accusamus odio saepe placeat non id.pdf,ADAMSWITTING,87068593,10976256,415,15/01/2017 01:31:52,Non tenetur aut quis aut saepe ut dolor reprehenderit.,nedra.pfeffer@tremblayhamill.org,3,Matter attachment to non-corporate domain
1257,Atque sequi vitae facere minus.ppt,PAUCEKLLC,43958706,82286592,416,18/01/2017 22:19:49,Non eum possimus ut repellendus modi repellat impedit.,santiago.white@tremblayhamill.org,3,Matter attachment to non-corporate domain
1258,Nihil et ut aut in alias quasi harum incidunt ut.jpg,PAUCEKLLC,43958706,69043200,416,18/01/2017 22:19:49,Non eum possimus ut repellendus modi repellat impedit.,santiago.white@tremblayhamill.org,3,Matter attachment to non-corporate domain
1259,Non dolore quia qui sed.png,PAUCEKLLC,43958706,25305088,416,18/01/2017 22:19:49,Non eum possimus ut repellendus modi repellat impedit.,santiago.white@tremblayhamill.org,3,Matter attachment to non-corporate domain
1260,Dignissimos amet quae quod nihil amet quisquam nihil.docx,PAUCEKLLC,43958706,52016128,416,18/01/2017 22:19:49,Non eum possimus ut repellendus modi repellat impedit.,santiago.white@tremblayhamill.org,3,Matter attachment to non-corporate domain
1261,Et et ea laborum id neque enim quaerat aut corporis.xlsx,DICKIDIBBERT,44421433,100176896,417,19/01/2017 05:50:24,Quo officia voluptas aut ut.,orpha.medhurst@tremblayhamill.org,3,Matter attachment to non-corporate domain
1262,Aliquid non ratione qui rerum ullam debitis maiores quidem.pptx,DICKIDIBBERT,44421433,16217088,417,19/01/2017 05:50:24,Quo officia voluptas aut ut.,orpha.medhurst@tremblayhamill.org,3,Matter attachment to non-corporate domain
1263,Atque dolor illo cum vel architecto velit totam incidunt vel.jpg,DICKIDIBBERT,44421433,2084864,417,19/01/2017 05:50:24,Quo officia voluptas aut ut.,orpha.medhurst@tremblayhamill.org,3,Matter attachment to non-corporate domain
1264,Distinctio dolorum distinctio vitae dolore.docx,SCHMITTBALISTRERIANDHICKLE,89490544,55718912,418,15/01/2017 17:28:42,Veniam qui ad aut.,nedra.pfeffer@tremblayhamill.org,3,Matter attachment to non-corporate domain
1265,Nihil repellat rerum sint.pdf,HARVEYOKONANDTOY,75006741,56235008,419,16/01/2017 08:24:35,Sed vel numquam qui quas tempora quasi nobis.,nedra.pfeffer@tremblayhamill.org,3,Matter attachment to non-corporate domain
1266,Voluptatem voluptates repudiandae tenetur esse qui inventore porro asperiores tenetur.xls,HARVEYOKONANDTOY,75006741,73707520,419,16/01/2017 08:24:35,Sed vel numquam qui quas tempora quasi nobis.,nedra.pfeffer@tremblayhamill.org,3,Matter attachment to non-corporate domain
1267,Corrupti eum rem consequuntur in asperiores cumque.xlsx,HARVEYOKONANDTOY,75006741,27823104,419,16/01/2017 08:24:35,Sed vel numquam qui quas tempora quasi nobis.,nedra.pfeffer@tremblayhamill.org,3,Matter attachment to non-corporate domain
1268,Sapiente qui non repellendus.xlsx,SCHNEIDERMERTZ,43498562,79609856,420,15/01/2017 04:47:20,Non adipisci nam dignissimos qui voluptate voluptatem commodi doloribus.,soledad.rolfson@tremblayhamill.org,3,Matter attachment to non-corporate domain
1269,Ipsam asperiores facilis eaque non.pptx,SCHNEIDERMERTZ,43498562,12195840,420,15/01/2017 04:47:20,Non adipisci nam dignissimos qui voluptate voluptatem commodi doloribus.,soledad.rolfson@tremblayhamill.org,3,Matter attachment to non-corporate domain
1270,Alias soluta enim accusamus in consequatur officia et.png,SCHNEIDERMERTZ,43498562,12286976,420,15/01/2017 04:47:20,Non adipisci nam dignissimos qui voluptate voluptatem commodi doloribus.,soledad.rolfson@tremblayhamill.org,3,Matter attachment to non-corporate domain
1271,Quia quia dignissimos vel molestiae ipsa.pdf,RUNTEKUTCH,20851243,101000192,421,17/01/2017 18:09:26,Sit et tenetur.,brain.nienow@tremblayhamill.org,3,Matter attachment to non-corporate domain
1272,Sequi eos non laborum minus quaerat nobis porro iste sit.doc,RUNTEKUTCH,20851243,87647232,421,17/01/2017 18:09:26,Sit et tenetur.,brain.nienow@tremblayhamill.org,3,Matter attachment to non-corporate domain
1273,Nam minus soluta saepe ipsam ipsam consequatur ratione vitae vel.pptx,RUNTEKUTCH,20851243,39243776,421,17/01/2017 18:09:26,Sit et tenetur.,brain.nienow@tremblayhamill.org,3,Matter attachment to non-corporate domain
1274,Eum labore blanditiis rerum provident quis facere.zip,RUNTEKUTCH,20851243,71394304,421,17/01/2017 18:09:26,Sit et tenetur.,brain.nienow@tremblayhamill.org,3,Matter attachment to non-corporate domain
1275,Qui ipsam accusantium.jpg,RUECKERSTEUBERANDQUITZON,45316435,13828096,422,19/01/2017 13:50:21,Dolores dolor in non et veritatis eius molestias.,uriah.schoen@tremblayhamill.org,3,Matter attachment to non-corporate domain
1276,Vel non incidunt et ducimus.xlsx,RUECKERSTEUBERANDQUITZON,45316435,7449600,422,19/01/2017 13:50:21,Dolores dolor in non et veritatis eius molestias.,uriah.schoen@tremblayhamill.org,3,Matter attachment to non-corporate domain
1277,Temporibus dolorum reiciendis tenetur illum veritatis minima et.pptx,RUECKERSTEUBERANDQUITZON,45316435,63943680,422,19/01/2017 13:50:21,Dolores dolor in non et veritatis eius molestias.,uriah.schoen@tremblayhamill.org,3,Matter attachment to non-corporate domain
1278,Nobis veniam maxime dolorum veniam.xls,RUECKERSTEUBERANDQUITZON,45316435,32926720,422,19/01/2017 13:50:21,Dolores dolor in non et veritatis eius molestias.,uriah.schoen@tremblayhamill.org,3,Matter attachment to non-corporate domain
1279,Perferendis enim ab cupiditate temporibus debitis perferendis odio.xlsx,TILLMANLANGANDROGAHN,57266313,25142272,423,16/01/2017 15:07:46,Qui labore quidem.,soledad.rolfson@tremblayhamill.org,3,Matter attachment to non-corporate domain
1280,Quasi placeat nam quod quo autem eum ipsa quidem enim.zip,TILLMANLANGANDROGAHN,57266313,58083328,423,16/01/2017 15:07:46,Qui labore quidem.,soledad.rolfson@tremblayhamill.org,3,Matter attachment to non-corporate domain
1281,Recusandae eligendi nulla minus saepe id voluptatem tempora qui animi.docx,TILLMANLANGANDROGAHN,57266313,11430912,423,16/01/2017 15:07:46,Qui labore quidem.,soledad.rolfson@tremblayhamill.org,3,Matter attachment to non-corporate domain
1282,Sit eos magnam omnis id.xls,HIRTHEHILPERT,99154580,14758912,424,16/01/2017 07:36:21,Quae assumenda harum aliquam.,santiago.white@tremblayhamill.org,3,Matter attachment to non-corporate domain
1283,Dolore voluptatem laborum rem ducimus sed corrupti quidem.zip,SCHULISTSTANTONANDLUETTGEN,42806520,24659968,425,16/01/2017 00:06:46,Aperiam veniam unde.,araceli.bode@tremblayhamill.org,3,Matter attachment to non-corporate domain
1284,Nisi quis cum non nihil velit officiis debitis et cum.xlsx,SCHULISTSTANTONANDLUETTGEN,42806520,14156800,425,16/01/2017 00:06:46,Aperiam veniam unde.,araceli.bode@tremblayhamill.org,3,Matter attachment to non-corporate domain
1285,Et dolores magnam et quis ducimus et ut provident delectus.docx,SCHULISTSTANTONANDLUETTGEN,42806520,24105984,425,16/01/2017 00:06:46,Aperiam veniam unde.,araceli.bode@tremblayhamill.org,3,Matter attachment to non-corporate domain
1286,Dolorem asperiores doloremque et harum voluptate ipsam quis.pdf,RUNTEKUTCH,42550335,70931456,426,17/01/2017 15:12:47,Repudiandae cumque ut dolorem vero voluptas repudiandae similique voluptas.,luigi.hahn@tremblayhamill.org,3,Matter attachment to non-corporate domain
1287,Molestias commodi consequatur quia libero sint.doc,RUNTEKUTCH,42550335,27719680,426,17/01/2017 15:12:47,Repudiandae cumque ut dolorem vero voluptas repudiandae similique voluptas.,luigi.hahn@tremblayhamill.org,3,Matter attachment to non-corporate domain
1288,Omnis corporis omnis sint asperiores.png,RUNTEKUTCH,42550335,59626496,426,17/01/2017 15:12:47,Repudiandae cumque ut dolorem vero voluptas repudiandae similique voluptas.,luigi.hahn@tremblayhamill.org,3,Matter attachment to non-corporate domain
1289,Laboriosam ut quae in hic.zip,RUNTEKUTCH,42550335,21636096,426,17/01/2017 15:12:47,Repudiandae cumque ut dolorem vero voluptas repudiandae similique voluptas.,luigi.hahn@tremblayhamill.org,3,Matter attachment to non-corporate domain
1290,Reiciendis sunt saepe odio aliquam eaque vitae est dolore est.png,RUNTEKUTCH,42550335,38164480,426,17/01/2017 15:12:47,Repudiandae cumque ut dolorem vero voluptas repudiandae similique voluptas.,luigi.hahn@tremblayhamill.org,3,Matter attachment to non-corporate domain
1291,Illum velit accusantium rerum ducimus eius debitis iste ducimus dignissimos.xls,RUNTEKUTCH,20851243,53908480,427,17/01/2017 14:26:29,Corporis quis architecto et.,brain.nienow@tremblayhamill.org,3,Matter attachment to non-corporate domain
1292,Veniam magni quae excepturi eius aut.xlsx,RUNTEKUTCH,20851243,72619008,427,17/01/2017 14:26:29,Corporis quis architecto et.,brain.nienow@tremblayhamill.org,3,Matter attachment to non-corporate domain
1293,Quod laudantium neque beatae labore incidunt.docx,HIRTHEHILPERT,99154580,88008704,428,15/01/2017 01:35:25,Sit eveniet ad.,santiago.white@tremblayhamill.org,3,Matter attachment to non-corporate domain
1294,Consequatur ipsum ex id dolorem omnis.pdf,HIRTHEHILPERT,99154580,66510848,428,15/01/2017 01:35:25,Sit eveniet ad.,santiago.white@tremblayhamill.org,3,Matter attachment to non-corporate domain
1295,Voluptas natus est quia.xlsx,HIRTHEHILPERT,99154580,90565632,428,15/01/2017 01:35:25,Sit eveniet ad.,santiago.white@tremblayhamill.org,3,Matter attachment to non-corporate domain
1296,Nihil qui soluta et aspernatur expedita omnis animi perspiciatis.pptx,SCHMITTBALISTRERIANDHICKLE,25100342,93650944,429,19/01/2017 00:23:12,Voluptatem quia animi reiciendis est hic laborum incidunt quaerat.,soledad.rolfson@tremblayhamill.org,3,Matter attachment to non-corporate domain
1297,Magnam ad pariatur.pdf,SCHMITTBALISTRERIANDHICKLE,25100342,3408896,429,19/01/2017 00:23:12,Voluptatem quia animi reiciendis est hic laborum incidunt quaerat.,soledad.rolfson@tremblayhamill.org,3,Matter attachment to non-corporate domain
1298,Eos veritatis odio laboriosam natus ratione quos.pdf,ROBELSTROSINANDWATERS,24221746,29124608,430,17/01/2017 12:47:24,Labore quis odit assumenda consectetur placeat expedita iste voluptatem quis.,luigi.hahn@tremblayhamill.org,3,Matter attachment to non-corporate domain
1299,Nostrum dolores qui sit aspernatur asperiores aut facere.zip,ROBELSTROSINANDWATERS,24221746,32099328,430,17/01/2017 12:47:24,Labore quis odit assumenda consectetur placeat expedita iste voluptatem quis.,luigi.hahn@tremblayhamill.org,3,Matter attachment to non-corporate domain
1300,Sit numquam in dolores voluptates voluptates saepe ipsa modi.doc,ROBELSTROSINANDWATERS,24221746,73453568,430,17/01/2017 12:47:24,Labore quis odit assumenda consectetur placeat expedita iste voluptatem quis.,luigi.hahn@tremblayhamill.org,3,Matter attachment to non-corporate domain
1301,Quod eos repellendus dolor aut rerum magni cumque voluptatem.zip,ROBELSTROSINANDWATERS,24221746,39414784,430,17/01/2017 12:47:24,Labore quis odit assumenda consectetur placeat expedita iste voluptatem quis.,luigi.hahn@tremblayhamill.org,3,Matter attachment to non-corporate domain
1302,Laborum vitae cupiditate repudiandae nam maiores adipisci.xls,HOPPELEUSCHKEANDTURNER,76106020,24604672,431,19/01/2017 01:48:23,Est in nam a pariatur et sed.,uriah.schoen@tremblayhamill.org,3,Matter attachment to non-corporate domain
1303,Aut aut alias cupiditate.xlsx,HOPPELEUSCHKEANDTURNER,76106020,85337088,431,19/01/2017 01:48:23,Est in nam a pariatur et sed.,uriah.schoen@tremblayhamill.org,3,Matter attachment to non-corporate domain
1304,Eos ducimus dolores laboriosam deleniti repudiandae error et magnam.docx,HOPPELEUSCHKEANDTURNER,76106020,57928704,431,19/01/2017 01:48:23,Est in nam a pariatur et sed.,uriah.schoen@tremblayhamill.org,3,Matter attachment to non-corporate domain
1305,Ipsam soluta ullam saepe aspernatur nihil at eos eveniet est.ppt,HOPPELEUSCHKEANDTURNER,76106020,18678784,431,19/01/2017 01:48:23,Est in nam a pariatur et sed.,uriah.schoen@tremblayhamill.org,3,Matter attachment to non-corporate domain
1306,A voluptatem esse voluptates.docx,ROBELSTROSINANDWATERS,24221746,13755392,432,16/01/2017 05:10:57,Et in qui impedit exercitationem odit laboriosam sed quod.,luigi.hahn@tremblayhamill.org,3,Matter attachment to non-corporate domain
1307,Ducimus molestias voluptates ut illum qui.ppt,ROBELSTROSINANDWATERS,24221746,39288832,432,16/01/2017 05:10:57,Et in qui impedit exercitationem odit laboriosam sed quod.,luigi.hahn@tremblayhamill.org,3,Matter attachment to non-corporate domain
1308,In nobis dolor quidem adipisci similique sed accusamus magnam.jpg,ORNLEBSACKANDROWE,06108714,16259072,433,16/01/2017 06:37:22,Facere minus cum recusandae totam facilis non laboriosam.,santiago.white@tremblayhamill.org,3,Matter attachment to non-corporate domain
1309,Quia provident id reiciendis unde minus.xlsx,STROMANANDSONS,37734544,41930752,434,15/01/2017 01:21:00,Aut dolore vitae ut totam.,uriah.schoen@tremblayhamill.org,3,Matter attachment to non-corporate domain
1310,Deleniti doloribus dignissimos quisquam.docx,WALSHSCHOWALTER,10825080,7250944,435,17/01/2017 01:35:27,Quo ut modi veritatis.,josh.walsh@tremblayhamill.org,3,Matter attachment to non-corporate domain
1311,Omnis sapiente quaerat eos.pdf,WALSHSCHOWALTER,10825080,63724544,435,17/01/2017 01:35:27,Quo ut modi veritatis.,josh.walsh@tremblayhamill.org,3,Matter attachment to non-corporate domain
1312,Et aut aut blanditiis.pptx,WALSHSCHOWALTER,10825080,70798336,435,17/01/2017 01:35:27,Quo ut modi veritatis.,josh.walsh@tremblayhamill.org,3,Matter attachment to non-corporate domain
1313,Id consequatur qui ut voluptas pariatur omnis et iure.docx,SCHMITTBALISTRERIANDHICKLE,25100342,79702016,436,15/01/2017 16:27:33,Est voluptatem voluptatem eum qui itaque sint.,soledad.rolfson@tremblayhamill.org,3,Matter attachment to non-corporate domain
1314,Quia id vel velit sunt.pptx,SCHMITTBALISTRERIANDHICKLE,25100342,49061888,436,15/01/2017 16:27:33,Est voluptatem voluptatem eum qui itaque sint.,soledad.rolfson@tremblayhamill.org,3,Matter attachment to non-corporate domain
1315,Laudantium iure cupiditate unde fugit earum ut.docx,SCHMITTBALISTRERIANDHICKLE,25100342,37784576,436,15/01/2017 16:27:33,Est voluptatem voluptatem eum qui itaque sint.,soledad.rolfson@tremblayhamill.org,3,Matter attachment to non-corporate domain
1316,Laboriosam consectetur tempora sit dolores iure ut esse sit.zip,STROMANANDSONS,74317982,66364416,437,18/01/2017 16:25:43,Nostrum porro modi quaerat.,brain.nienow@tremblayhamill.org,3,Matter attachment to non-corporate domain
1317,Est consequatur tempore quae eum rerum deserunt sequi et.png,BAUMBACHANDERSONANDWHITE,22408768,54932480,438,16/01/2017 23:39:00,Ut nulla nulla at eum.,nedra.pfeffer@tremblayhamill.org,3,Matter attachment to non-corporate domain
1318,Enim nesciunt quas esse.jpg,BAUMBACHANDERSONANDWHITE,22408768,60700672,438,16/01/2017 23:39:00,Ut nulla nulla at eum.,nedra.pfeffer@tremblayhamill.org,3,Matter attachment to non-corporate domain
1319,Aut nemo necessitatibus eos nihil consequatur earum consequatur autem.ppt,BAUMBACHANDERSONANDWHITE,22408768,4424704,438,16/01/2017 23:39:00,Ut nulla nulla at eum.,nedra.pfeffer@tremblayhamill.org,3,Matter attachment to non-corporate domain
1320,Dolorem illum quam culpa.xlsx,BAUMBACHANDERSONANDWHITE,22408768,32798720,438,16/01/2017 23:39:00,Ut nulla nulla at eum.,nedra.pfeffer@tremblayhamill.org,3,Matter attachment to non-corporate domain
1321,Magni nisi quibusdam excepturi laudantium omnis.zip,HOPPELEUSCHKEANDTURNER,86103082,35739648,439,16/01/2017 17:15:03,Eum molestiae molestias molestias repellat beatae.,santiago.white@tremblayhamill.org,3,Matter attachment to non-corporate domain
1322,Sapiente aliquid adipisci aut et dolor.docx,HARVEYOKONANDTOY,75006741,61402112,440,15/01/2017 04:32:43,At culpa exercitationem tenetur eum ut.,nedra.pfeffer@tremblayhamill.org,3,Matter attachment to non-corporate domain
1323,Et consequatur corporis tenetur.png,HARVEYOKONANDTOY,75006741,102836224,440,15/01/2017 04:32:43,At culpa exercitationem tenetur eum ut.,nedra.pfeffer@tremblayhamill.org,3,Matter attachment to non-corporate domain
1324,Modi est quae deleniti maxime quis excepturi.zip,TOWNEINC,48188332,10256384,441,17/01/2017 11:26:26,Non dicta voluptatem.,luigi.hahn@tremblayhamill.org,3,Matter attachment to non-corporate domain
1325,Mollitia assumenda accusantium sit suscipit sit omnis nihil minus.docx,TOWNEINC,48188332,103362560,441,17/01/2017 11:26:26,Non dicta voluptatem.,luigi.hahn@tremblayhamill.org,3,Matter attachment to non-corporate domain
1326,Voluptas doloremque blanditiis beatae repellendus ad autem reprehenderit facilis atque.docx,TOWNEINC,48188332,9500672,441,17/01/2017 11:26:26,Non dicta voluptatem.,luigi.hahn@tremblayhamill.org,3,Matter attachment to non-corporate domain
1327,Sunt doloribus et odio sed vero vel ut.docx,TOWNEINC,48188332,42791936,441,17/01/2017 11:26:26,Non dicta voluptatem.,luigi.hahn@tremblayhamill.org,3,Matter attachment to non-corporate domain
1328,Minima dolorem cum doloremque voluptas saepe dolores illo.pptx,TOWNEINC,48188332,69970944,441,17/01/2017 11:26:26,Non dicta voluptatem.,luigi.hahn@tremblayhamill.org,3,Matter attachment to non-corporate domain
1329,Quaerat maiores velit amet.jpg,MERTZWILDERMAN,56297395,80177152,442,19/01/2017 05:13:40,Officia labore omnis mollitia sequi aut tempore dolorum.,orpha.medhurst@tremblayhamill.org,3,Matter attachment to non-corporate domain
1330,Commodi minus quibusdam et mollitia ut veritatis facere.xls,MERTZWILDERMAN,56297395,97515520,442,19/01/2017 05:13:40,Officia labore omnis mollitia sequi aut tempore dolorum.,orpha.medhurst@tremblayhamill.org,3,Matter attachment to non-corporate domain
1331,Et et recusandae accusamus quibusdam qui aspernatur et nostrum.png,DICKIDIBBERT,00508424,95576064,443,19/01/2017 11:35:49,Voluptatum assumenda rerum dolorum dolorem quis eos iste ab expedita.,uriah.schoen@tremblayhamill.org,3,Matter attachment to non-corporate domain
1332,Quia provident ea omnis et est veritatis aperiam.xlsx,DICKIDIBBERT,00508424,101814272,443,19/01/2017 11:35:49,Voluptatum assumenda rerum dolorum dolorem quis eos iste ab expedita.,uriah.schoen@tremblayhamill.org,3,Matter attachment to non-corporate domain
1333,Aliquam error rerum iste.png,DICKIDIBBERT,00508424,82011136,443,19/01/2017 11:35:49,Voluptatum assumenda rerum dolorum dolorem quis eos iste ab expedita.,uriah.schoen@tremblayhamill.org,3,Matter attachment to non-corporate domain
1334,Qui eum nobis molestias asperiores nulla esse quia.docx,DICKIDIBBERT,00508424,84790272,443,19/01/2017 11:35:49,Voluptatum assumenda rerum dolorum dolorem quis eos iste ab expedita.,uriah.schoen@tremblayhamill.org,3,Matter attachment to non-corporate domain
1335,Soluta corporis repudiandae voluptas numquam nulla est qui.doc,LEHNERLLC,04037089,29976576,444,18/01/2017 03:44:27,Aut voluptatibus dolorum voluptas praesentium autem nihil recusandae est debitis.,soledad.rolfson@tremblayhamill.org,3,Matter attachment to non-corporate domain
1336,Sed natus ut qui fuga ratione ea ut.pptx,LEHNERLLC,04037089,100004864,444,18/01/2017 03:44:27,Aut voluptatibus dolorum voluptas praesentium autem nihil recusandae est debitis.,soledad.rolfson@tremblayhamill.org,3,Matter attachment to non-corporate domain
1337,Qui ut porro nihil sit.xlsx,LEHNERLLC,04037089,33415168,444,18/01/2017 03:44:27,Aut voluptatibus dolorum voluptas praesentium autem nihil recusandae est debitis.,soledad.rolfson@tremblayhamill.org,3,Matter attachment to non-corporate domain
1338,Consequatur saepe impedit.doc,LEHNERLLC,04037089,21698560,444,18/01/2017 03:44:27,Aut voluptatibus dolorum voluptas praesentium autem nihil recusandae est debitis.,soledad.rolfson@tremblayhamill.org,3,Matter attachment to non-corporate domain
1339,Ut nemo culpa rem porro est.xls,WATSICAGROUP,65429334,94396416,445,19/01/2017 08:29:25,Voluptatum in ipsum fugiat accusantium molestiae.,brain.nienow@tremblayhamill.org,3,Matter attachment to non-corporate domain
1340,Est consequuntur temporibus dolorem aliquid cupiditate ipsa qui.png,WATSICAGROUP,65429334,42331136,445,19/01/2017 08:29:25,Voluptatum in ipsum fugiat accusantium molestiae.,brain.nienow@tremblayhamill.org,3,Matter attachment to non-corporate domain
1341,Cupiditate sunt quis eveniet occaecati laboriosam.doc,MAYERTKOVACEK,08085059,35683328,446,17/01/2017 00:06:10,Et doloribus nihil sit ratione dignissimos.,araceli.bode@tremblayhamill.org,3,Matter attachment to non-corporate domain
1342,Sit voluptatem ut tenetur fuga est modi est autem.png,MAYERTKOVACEK,08085059,1993728,446,17/01/2017 00:06:10,Et doloribus nihil sit ratione dignissimos.,araceli.bode@tremblayhamill.org,3,Matter attachment to non-corporate domain
1343,Et eum iure accusamus excepturi atque.xlsx,MAYERTKOVACEK,08085059,12829696,446,17/01/2017 00:06:10,Et doloribus nihil sit ratione dignissimos.,araceli.bode@tremblayhamill.org,3,Matter attachment to non-corporate domain
1344,Consequatur laborum quis et ut fugit commodi est.jpg,HARVEYOKONANDTOY,04592131,84403200,447,16/01/2017 02:31:29,Porro ut aliquam et fuga.,brain.nienow@tremblayhamill.org,3,Matter attachment to non-corporate domain
1345,Tempore eius non accusantium maxime ut doloremque consequatur.png,HARVEYOKONANDTOY,04592131,52500480,447,16/01/2017 02:31:29,Porro ut aliquam et fuga.,brain.nienow@tremblayhamill.org,3,Matter attachment to non-corporate domain
1346,Similique quis maiores incidunt labore.xls,HARVEYOKONANDTOY,04592131,92818432,447,16/01/2017 02:31:29,Porro ut aliquam et fuga.,brain.nienow@tremblayhamill.org,3,Matter attachment to non-corporate domain
1347,In quia sint debitis quisquam corporis quos sunt repellendus et.pptx,TOWNEINC,89678378,100110336,448,15/01/2017 18:58:40,Dolores libero rerum.,uriah.schoen@tremblayhamill.org,3,Matter attachment to non-corporate domain
1348,Excepturi hic quod praesentium quae repudiandae ducimus.pdf,TOWNEINC,89678378,17433600,448,15/01/2017 18:58:40,Dolores libero rerum.,uriah.schoen@tremblayhamill.org,3,Matter attachment to non-corporate domain
1349,Vel quidem voluptatum.xls,TOWNEINC,89678378,91856896,448,15/01/2017 18:58:40,Dolores libero rerum.,uriah.schoen@tremblayhamill.org,3,Matter attachment to non-corporate domain
1350,Et quos qui blanditiis sed aut asperiores molestiae omnis.doc,HARVEYOKONANDTOY,09454246,49112064,449,18/01/2017 14:34:11,Rerum veritatis est minus.,brain.nienow@tremblayhamill.org,3,Matter attachment to non-corporate domain
1351,Voluptas et molestias ullam.pptx,HARVEYOKONANDTOY,09454246,79285248,449,18/01/2017 14:34:11,Rerum veritatis est minus.,brain.nienow@tremblayhamill.org,3,Matter attachment to non-corporate domain
1352,Tenetur non nihil rerum dolores facilis ab dolorum laudantium.zip,RUNTEKUTCH,79240795,20911104,450,15/01/2017 16:26:05,Eveniet consequatur cupiditate aut enim modi sed ut numquam quis.,orpha.medhurst@tremblayhamill.org,3,Matter attachment to non-corporate domain
1353,Sunt odio omnis dicta et.xlsx,RUNTEKUTCH,79240795,5567488,450,15/01/2017 16:26:05,Eveniet consequatur cupiditate aut enim modi sed ut numquam quis.,orpha.medhurst@tremblayhamill.org,3,Matter attachment to non-corporate domain
1354,Ratione deserunt omnis recusandae perferendis sunt assumenda.png,RUNTEKUTCH,79240795,23741440,450,15/01/2017 16:26:05,Eveniet consequatur cupiditate aut enim modi sed ut numquam quis.,orpha.medhurst@tremblayhamill.org,3,Matter attachment to non-corporate domain
1355,Eum numquam rerum dolor omnis est aut ut rerum mollitia.doc,RUNTEKUTCH,79240795,89918464,450,15/01/2017 16:26:05,Eveniet consequatur cupiditate aut enim modi sed ut numquam quis.,orpha.medhurst@tremblayhamill.org,3,Matter attachment to non-corporate domain
1356,Ea totam aut quod dolor est.png,RUNTEKUTCH,79240795,31552512,450,15/01/2017 16:26:05,Eveniet consequatur cupiditate aut enim modi sed ut numquam quis.,orpha.medhurst@tremblayhamill.org,3,Matter attachment to non-corporate domain
1357,Culpa quo expedita temporibus rerum doloribus voluptatibus.xls,SCHNEIDERMERTZ,62954045,80093184,451,15/01/2017 17:00:19,Facere corrupti accusamus molestiae officiis.,uriah.schoen@tremblayhamill.org,3,Matter attachment to non-corporate domain
1358,Ducimus quae vitae amet.docx,HARVEYOKONANDTOY,09454246,32977920,452,18/01/2017 03:24:47,Laudantium quia fugiat maiores quia.,brain.nienow@tremblayhamill.org,3,Matter attachment to non-corporate domain
1359,Vel accusantium distinctio explicabo.png,GOODWINSTRACKEANDSENGER,91338967,89843712,453,16/01/2017 19:27:04,Harum voluptatem tenetur eveniet dolor quo numquam omnis eos.,araceli.bode@tremblayhamill.org,3,Matter attachment to non-corporate domain
1360,Nemo enim omnis fugiat inventore.png,RICEINC,66012723,94782464,454,18/01/2017 15:00:10,Laborum nihil cumque ut quis voluptatem.,araceli.bode@tremblayhamill.org,3,Matter attachment to non-corporate domain
1361,Sed aspernatur eligendi enim vero.xlsx,RICEINC,66012723,9651200,454,18/01/2017 15:00:10,Laborum nihil cumque ut quis voluptatem.,araceli.bode@tremblayhamill.org,3,Matter attachment to non-corporate domain
1362,Qui cumque fuga quo consequatur vel est deleniti.xlsx,RICEINC,66012723,103059456,454,18/01/2017 15:00:10,Laborum nihil cumque ut quis voluptatem.,araceli.bode@tremblayhamill.org,3,Matter attachment to non-corporate domain
1363,Velit consequatur totam adipisci.pdf,RICEINC,66012723,56500224,454,18/01/2017 15:00:10,Laborum nihil cumque ut quis voluptatem.,araceli.bode@tremblayhamill.org,3,Matter attachment to non-corporate domain
1364,Unde recusandae dolorem adipisci id non autem eligendi cupiditate.doc,RICEINC,66012723,24624128,454,18/01/2017 15:00:10,Laborum nihil cumque ut quis voluptatem.,araceli.bode@tremblayhamill.org,3,Matter attachment to non-corporate domain
1365,Harum saepe non id ut sit architecto.docx,ORNLEBSACKANDROWE,87433182,61838336,455,15/01/2017 09:38:04,Sit repellendus quia aliquam et commodi dolores fuga.,brain.nienow@tremblayhamill.org,3,Matter attachment to non-corporate domain
1366,Deleniti soluta officiis nihil ipsum qui.docx,HERMANBAILEYANDAUFDERHAR,57677902,80125952,456,15/01/2017 06:00:47,Quae enim nostrum excepturi eum neque.,santiago.white@tremblayhamill.org,3,Matter attachment to non-corporate domain
1367,Id vitae in eveniet dolorem repellendus ut harum consequatur.jpg,HERMANBAILEYANDAUFDERHAR,57677902,32458752,456,15/01/2017 06:00:47,Quae enim nostrum excepturi eum neque.,santiago.white@tremblayhamill.org,3,Matter attachment to non-corporate domain
1368,Excepturi qui tempora voluptas sit illo quia aut.xlsx,HERMANBAILEYANDAUFDERHAR,57677902,84540416,456,15/01/2017 06:00:47,Quae enim nostrum excepturi eum neque.,santiago.white@tremblayhamill.org,3,Matter attachment to non-corporate domain
1369,Accusamus esse ab illo doloremque deserunt et officia.pdf,HERMANBAILEYANDAUFDERHAR,57677902,44917760,456,15/01/2017 06:00:47,Quae enim nostrum excepturi eum neque.,santiago.white@tremblayhamill.org,3,Matter attachment to non-corporate domain
1370,Vel delectus quis est culpa voluptatem qui pariatur velit excepturi.doc,RUNTEKUTCH,34780648,7540736,457,15/01/2017 07:31:18,Ratione quas ad velit.,josh.walsh@tremblayhamill.org,3,Matter attachment to non-corporate domain
1371,Numquam aut officiis voluptates cumque quo ipsa.xlsx,WHITEANDSONS,82662413,47333376,458,18/01/2017 12:57:27,Eaque aut consequuntur sit.,nedra.pfeffer@tremblayhamill.org,3,Matter attachment to non-corporate domain
1372,Animi vitae assumenda vel perferendis facere consectetur est perspiciatis omnis.pdf,WHITEANDSONS,82662413,69499904,458,18/01/2017 12:57:27,Eaque aut consequuntur sit.,nedra.pfeffer@tremblayhamill.org,3,Matter attachment to non-corporate domain
1373,Distinctio doloremque est.docx,WHITEANDSONS,82662413,69468160,458,18/01/2017 12:57:27,Eaque aut consequuntur sit.,nedra.pfeffer@tremblayhamill.org,3,Matter attachment to non-corporate domain
1374,Rerum est necessitatibus.pptx,WHITEANDSONS,82662413,16732160,458,18/01/2017 12:57:27,Eaque aut consequuntur sit.,nedra.pfeffer@tremblayhamill.org,3,Matter attachment to non-corporate domain
1375,Similique minima corrupti ratione commodi totam.zip,WHITEANDSONS,82662413,70683648,458,18/01/2017 12:57:27,Eaque aut consequuntur sit.,nedra.pfeffer@tremblayhamill.org,3,Matter attachment to non-corporate domain
1376,Eius porro eos impedit similique explicabo rerum ducimus voluptatum nihil.pdf,AUERLLC,62302891,80463872,459,18/01/2017 23:28:59,Ut consequatur omnis rerum non aut.,araceli.bode@tremblayhamill.org,3,Matter attachment to non-corporate domain
1377,Cumque aut voluptas.jpg,AUERLLC,62302891,19046400,459,18/01/2017 23:28:59,Ut consequatur omnis rerum non aut.,araceli.bode@tremblayhamill.org,3,Matter attachment to non-corporate domain
1378,Labore dolores impedit aut commodi molestias et libero rerum.pdf,AUERLLC,62302891,104569856,459,18/01/2017 23:28:59,Ut consequatur omnis rerum non aut.,araceli.bode@tremblayhamill.org,3,Matter attachment to non-corporate domain
1379,Numquam deserunt qui est ut expedita quia.ppt,AUERLLC,62302891,7116800,459,18/01/2017 23:28:59,Ut consequatur omnis rerum non aut.,araceli.bode@tremblayhamill.org,3,Matter attachment to non-corporate domain
1380,In accusamus incidunt dolor velit illum corporis in iste et.png,AUERLLC,62302891,90719232,459,18/01/2017 23:28:59,Ut consequatur omnis rerum non aut.,araceli.bode@tremblayhamill.org,3,Matter attachment to non-corporate domain
1381,Tempore id provident.zip,RUNTEKUTCH,79240795,1363968,460,17/01/2017 15:11:03,Sed tenetur molestiae veritatis voluptas voluptate aspernatur velit officia.,orpha.medhurst@tremblayhamill.org,3,Matter attachment to non-corporate domain
1382,Voluptas omnis culpa nemo quibusdam commodi nemo.doc,RUNTEKUTCH,79240795,37490688,460,17/01/2017 15:11:03,Sed tenetur molestiae veritatis voluptas voluptate aspernatur velit officia.,orpha.medhurst@tremblayhamill.org,3,Matter attachment to non-corporate domain
1383,Aspernatur et quo dolor quaerat aut ut excepturi.ppt,RUNTEKUTCH,79240795,66659328,460,17/01/2017 15:11:03,Sed tenetur molestiae veritatis voluptas voluptate aspernatur velit officia.,orpha.medhurst@tremblayhamill.org,3,Matter attachment to non-corporate domain
1384,Non adipisci eveniet sequi veritatis facere rerum est.xls,ROWEGROUP,36840821,19856384,461,19/01/2017 01:30:45,Voluptatem nostrum similique rerum eum aliquid ipsum.,brain.nienow@tremblayhamill.org,3,Matter attachment to non-corporate domain
1385,Consequatur quis molestiae eveniet.pdf,BRAUNWIEGANDANDWOLF,66463655,77531136,462,17/01/2017 14:20:30,Sed maxime vel facilis non eligendi deleniti.,brain.nienow@tremblayhamill.org,3,Matter attachment to non-corporate domain
1386,Qui explicabo adipisci voluptas distinctio harum.ppt,SPORERKILBACKANDMARVIN,33971379,68743168,463,16/01/2017 15:30:54,Quasi ipsum est possimus illo.,luigi.hahn@tremblayhamill.org,3,Matter attachment to non-corporate domain
1387,Natus nam dolores.ppt,ADAMSWITTING,64678161,43670528,464,16/01/2017 10:36:20,Asperiores perferendis ea delectus consequatur iure dolorum perferendis.,shawna.grady@tremblayhamill.org,3,Matter attachment to non-corporate domain
1388,Rerum nesciunt animi dolorem laborum sint qui laborum.docx,ADAMSWITTING,64678161,60178432,464,16/01/2017 10:36:20,Asperiores perferendis ea delectus consequatur iure dolorum perferendis.,shawna.grady@tremblayhamill.org,3,Matter attachment to non-corporate domain
1389,Quisquam placeat nam rem rerum dolores voluptate doloribus quidem.pdf,TOWNEINC,48188332,5983232,465,16/01/2017 07:43:32,Cumque accusamus soluta.,luigi.hahn@tremblayhamill.org,3,Matter attachment to non-corporate domain
1390,Accusamus mollitia in dolorem.pdf,TOWNEINC,48188332,55279616,465,16/01/2017 07:43:32,Cumque accusamus soluta.,luigi.hahn@tremblayhamill.org,3,Matter attachment to non-corporate domain
1391,Maiores facere voluptate aut ut eos dolores consequuntur.doc,AUERCUMMINGSANDSWIFT,68756729,42490880,466,16/01/2017 21:31:02,Delectus consequuntur ex vel aut.,araceli.bode@tremblayhamill.org,3,Matter attachment to non-corporate domain
1392,Sequi reiciendis vel id explicabo suscipit fuga.pdf,AUERCUMMINGSANDSWIFT,68756729,49973248,466,16/01/2017 21:31:02,Delectus consequuntur ex vel aut.,araceli.bode@tremblayhamill.org,3,Matter attachment to non-corporate domain
1393,Cum est omnis et et voluptatem voluptas deleniti libero ut.pptx,EBERTROLFSONANDREYNOLDS,09546578,61172736,467,16/01/2017 07:34:30,Repellendus ut sed eum aperiam.,shawna.grady@tremblayhamill.org,3,Matter attachment to non-corporate domain
1394,Odio voluptatum sunt doloremque nihil.zip,BEERMURRAYANDOBERBRUNNER,76296255,953344,468,16/01/2017 21:17:20,Molestiae nesciunt placeat ducimus nostrum id ex.,soledad.rolfson@tremblayhamill.org,3,Matter attachment to non-corporate domain
1395,Asperiores autem unde dolor nesciunt.docx,BEERMURRAYANDOBERBRUNNER,76296255,34955264,468,16/01/2017 21:17:20,Molestiae nesciunt placeat ducimus nostrum id ex.,soledad.rolfson@tremblayhamill.org,3,Matter attachment to non-corporate domain
1396,Doloribus velit voluptatem at aliquid iste.xlsx,BEERMURRAYANDOBERBRUNNER,76296255,39028736,468,16/01/2017 21:17:20,Molestiae nesciunt placeat ducimus nostrum id ex.,soledad.rolfson@tremblayhamill.org,3,Matter attachment to non-corporate domain
1397,Sint voluptatem ipsam est accusantium voluptates quis.ppt,BEERMURRAYANDOBERBRUNNER,76296255,5805056,468,16/01/2017 21:17:20,Molestiae nesciunt placeat ducimus nostrum id ex.,soledad.rolfson@tremblayhamill.org,3,Matter attachment to non-corporate domain
1398,Aut provident ut aut nihil non.xlsx,BEERMURRAYANDOBERBRUNNER,76296255,32611328,468,16/01/2017 21:17:20,Molestiae nesciunt placeat ducimus nostrum id ex.,soledad.rolfson@tremblayhamill.org,3,Matter attachment to non-corporate domain
1399,Amet itaque sit dolores ut totam quia.xls,AUERCUMMINGSANDSWIFT,78576113,54128640,469,16/01/2017 19:03:41,Architecto rerum laborum nesciunt aut sequi consequatur rerum.,orpha.medhurst@tremblayhamill.org,3,Matter attachment to non-corporate domain
1400,Autem labore rerum velit placeat similique voluptatem.xls,BAUMBACHANDERSONANDWHITE,22408768,91563008,470,18/01/2017 04:38:36,Qui molestiae qui architecto itaque.,nedra.pfeffer@tremblayhamill.org,3,Matter attachment to non-corporate domain
1401,Ut nulla beatae.xlsx,NITZSCHEQUIGLEYANDEICHMANN,66314204,85316608,471,19/01/2017 15:18:40,Atque voluptates quo excepturi necessitatibus aut sit voluptatem.,orpha.medhurst@tremblayhamill.org,3,Matter attachment to non-corporate domain
1402,Vero consequatur et et sit.ppt,ORNLEBSACKANDROWE,06108714,6612992,472,19/01/2017 01:28:16,Libero error dolor est natus quisquam est asperiores.,santiago.white@tremblayhamill.org,3,Matter attachment to non-corporate domain
1403,Enim ut consequatur.xls,ORNLEBSACKANDROWE,06108714,58841088,472,19/01/2017 01:28:16,Libero error dolor est natus quisquam est asperiores.,santiago.white@tremblayhamill.org,3,Matter attachment to non-corporate domain
1404,Dignissimos et quos sunt odio voluptas soluta in consectetur doloremque.zip,ORNLEBSACKANDROWE,06108714,44490752,472,19/01/2017 01:28:16,Libero error dolor est natus quisquam est asperiores.,santiago.white@tremblayhamill.org,3,Matter attachment to non-corporate domain
1405,Fugiat non iusto magnam.doc,WATSICAGROUP,26905089,16604160,473,15/01/2017 12:23:21,Laboriosam id hic deleniti.,araceli.bode@tremblayhamill.org,3,Matter attachment to non-corporate domain
1406,Minima dolorum officia quia necessitatibus voluptas est debitis.docx,PAUCEKLLC,59289284,31406080,474,15/01/2017 12:01:24,Minus sed vel sed et.,luigi.hahn@tremblayhamill.org,3,Matter attachment to non-corporate domain
1407,Qui quo assumenda.xls,KREIGERMURAZIK,64723430,42692608,475,18/01/2017 19:44:51,Cum expedita aut consequatur excepturi.,josh.walsh@tremblayhamill.org,3,Matter attachment to non-corporate domain
1408,Beatae iusto et est dolorem.png,KREIGERMURAZIK,64723430,87440384,475,18/01/2017 19:44:51,Cum expedita aut consequatur excepturi.,josh.walsh@tremblayhamill.org,3,Matter attachment to non-corporate domain
1409,Molestias voluptatem odit rerum quia explicabo eveniet sed.jpg,KREIGERMURAZIK,64723430,56580096,475,18/01/2017 19:44:51,Cum expedita aut consequatur excepturi.,josh.walsh@tremblayhamill.org,3,Matter attachment to non-corporate domain
1410,Sed nulla maxime eaque voluptatem error eveniet accusamus neque.xls,BARTELLINC,19178986,27772928,476,15/01/2017 01:42:05,Eos est quia a omnis occaecati repellat.,nedra.pfeffer@tremblayhamill.org,3,Matter attachment to non-corporate domain
1411,Et ex ex repellat.xlsx,BARTELLINC,19178986,20257792,476,15/01/2017 01:42:05,Eos est quia a omnis occaecati repellat.,nedra.pfeffer@tremblayhamill.org,3,Matter attachment to non-corporate domain
1412,In eos expedita alias perferendis dolor.png,BARTELLINC,19178986,65022976,476,15/01/2017 01:42:05,Eos est quia a omnis occaecati repellat.,nedra.pfeffer@tremblayhamill.org,3,Matter attachment to non-corporate domain
1413,Et et explicabo dolores.xlsx,BARTELLINC,19178986,20665344,476,15/01/2017 01:42:05,Eos est quia a omnis occaecati repellat.,nedra.pfeffer@tremblayhamill.org,3,Matter attachment to non-corporate domain
1414,Suscipit nam est voluptas animi omnis corporis.xls,GREENFELDERLLC,49154819,717824,477,16/01/2017 11:12:54,Nemo praesentium velit.,luigi.hahn@tremblayhamill.org,3,Matter attachment to non-corporate domain
1415,Ut praesentium nulla minus quaerat aliquam commodi placeat alias.xls,GREENFELDERLLC,49154819,37101568,477,16/01/2017 11:12:54,Nemo praesentium velit.,luigi.hahn@tremblayhamill.org,3,Matter attachment to non-corporate domain
1416,Molestiae eveniet veritatis.doc,GREENFELDERLLC,49154819,22942720,477,16/01/2017 11:12:54,Nemo praesentium velit.,luigi.hahn@tremblayhamill.org,3,Matter attachment to non-corporate domain
1417,Enim hic velit.zip,GREENFELDERLLC,49154819,95283200,477,16/01/2017 11:12:54,Nemo praesentium velit.,luigi.hahn@tremblayhamill.org,3,Matter attachment to non-corporate domain
1418,Soluta fugit non et unde sunt.ppt,GREENFELDERLLC,49154819,68252672,477,16/01/2017 11:12:54,Nemo praesentium velit.,luigi.hahn@tremblayhamill.org,3,Matter attachment to non-corporate domain
1419,Cumque esse et sit et ea nam tenetur consequatur.ppt,MARKSKUB,53228783,77601792,478,18/01/2017 21:32:48,Voluptas ea quo illo explicabo qui repudiandae facilis laboriosam.,araceli.bode@tremblayhamill.org,3,Matter attachment to non-corporate domain
1420,Ipsa recusandae velit repudiandae.png,MARKSKUB,53228783,5402624,478,18/01/2017 21:32:48,Voluptas ea quo illo explicabo qui repudiandae facilis laboriosam.,araceli.bode@tremblayhamill.org,3,Matter attachment to non-corporate domain
1421,Consequatur aut voluptate.xls,ORNLEBSACKANDROWE,11914965,78366720,479,16/01/2017 09:37:36,Eos unde veniam quaerat.,nedra.pfeffer@tremblayhamill.org,3,Matter attachment to non-corporate domain
1422,Magni modi ipsam et autem quod ipsum voluptatem.zip,ORNLEBSACKANDROWE,11914965,44054528,479,16/01/2017 09:37:36,Eos unde veniam quaerat.,nedra.pfeffer@tremblayhamill.org,3,Matter attachment to non-corporate domain
1423,Perferendis neque aliquam alias dolor voluptas asperiores modi.docx,ORNLEBSACKANDROWE,11914965,32326656,479,16/01/2017 09:37:36,Eos unde veniam quaerat.,nedra.pfeffer@tremblayhamill.org,3,Matter attachment to non-corporate domain
1424,Voluptatem eveniet consequatur perspiciatis sint molestiae aut.xls,ORNLEBSACKANDROWE,11914965,49201152,479,16/01/2017 09:37:36,Eos unde veniam quaerat.,nedra.pfeffer@tremblayhamill.org,3,Matter attachment to non-corporate domain
1425,Dolorum sed et est unde pariatur ut omnis animi.xlsx,ORNLEBSACKANDROWE,11914965,67678208,479,16/01/2017 09:37:36,Eos unde veniam quaerat.,nedra.pfeffer@tremblayhamill.org,3,Matter attachment to non-corporate domain
1426,Quam nulla fugiat dolorem dolore eius fuga nam et reprehenderit.zip,MCKENZIEWOLF,60221979,60388352,480,16/01/2017 04:54:35,Doloremque tempora voluptatem velit sequi in.,uriah.schoen@tremblayhamill.org,3,Matter attachment to non-corporate domain
1427,Ut doloribus sunt dignissimos quam.xlsx,MCKENZIEWOLF,60221979,19572736,480,16/01/2017 04:54:35,Doloremque tempora voluptatem velit sequi in.,uriah.schoen@tremblayhamill.org,3,Matter attachment to non-corporate domain
1428,Quasi hic aliquid.zip,MCKENZIEWOLF,63211437,13419520,481,15/01/2017 09:16:00,Nihil saepe culpa eaque incidunt dolorum modi itaque quos.,luigi.hahn@tremblayhamill.org,3,Matter attachment to non-corporate domain
1429,Tempore vero minus nemo porro doloribus enim.xls,MCKENZIEWOLF,63211437,32614400,481,15/01/2017 09:16:00,Nihil saepe culpa eaque incidunt dolorum modi itaque quos.,luigi.hahn@tremblayhamill.org,3,Matter attachment to non-corporate domain
1430,Alias tenetur eum fugit veniam reiciendis ea aliquid quidem qui.ppt,MCKENZIEWOLF,63211437,74203136,481,15/01/2017 09:16:00,Nihil saepe culpa eaque incidunt dolorum modi itaque quos.,luigi.hahn@tremblayhamill.org,3,Matter attachment to non-corporate domain
1431,Voluptatem optio provident odit.zip,MCKENZIEWOLF,63211437,31661056,481,15/01/2017 09:16:00,Nihil saepe culpa eaque incidunt dolorum modi itaque quos.,luigi.hahn@tremblayhamill.org,3,Matter attachment to non-corporate domain
1432,Voluptates voluptates dolore recusandae sed tenetur perferendis quisquam sunt.pptx,WESTANDSONS,34207839,61562880,482,17/01/2017 11:30:11,Et harum nihil sed fugit.,josh.walsh@tremblayhamill.org,3,Matter attachment to non-corporate domain
1433,Deleniti in eos quis quia.docx,TILLMANLANGANDROGAHN,83524580,67595264,483,16/01/2017 18:29:21,Impedit laborum amet rerum veniam corporis non voluptates.,soledad.rolfson@tremblayhamill.org,3,Matter attachment to non-corporate domain
1434,Reprehenderit et sunt nesciunt in sunt ut.zip,TILLMANLANGANDROGAHN,83524580,85604352,483,16/01/2017 18:29:21,Impedit laborum amet rerum veniam corporis non voluptates.,soledad.rolfson@tremblayhamill.org,3,Matter attachment to non-corporate domain
1435,Repudiandae qui aliquid.xlsx,TILLMANLANGANDROGAHN,83524580,99666944,483,16/01/2017 18:29:21,Impedit laborum amet rerum veniam corporis non voluptates.,soledad.rolfson@tremblayhamill.org,3,Matter attachment to non-corporate domain
1436,Quas doloribus cumque corrupti est cumque.xls,TILLMANLANGANDROGAHN,83524580,1721344,483,16/01/2017 18:29:21,Impedit laborum amet rerum veniam corporis non voluptates.,soledad.rolfson@tremblayhamill.org,3,Matter attachment to non-corporate domain
1437,Est autem perferendis autem voluptatem voluptas.png,ADAMSWITTING,87068593,65019904,484,19/01/2017 11:01:59,Dolorem corporis voluptates et reiciendis.,nedra.pfeffer@tremblayhamill.org,3,Matter attachment to non-corporate domain
1438,Numquam natus ducimus repellendus amet aliquid voluptas repudiandae eligendi officia.png,ADAMSWITTING,87068593,6298624,484,19/01/2017 11:01:59,Dolorem corporis voluptates et reiciendis.,nedra.pfeffer@tremblayhamill.org,3,Matter attachment to non-corporate domain
1439,Iste consequuntur optio eligendi et est cum quisquam quis dolore.jpg,ADAMSWITTING,87068593,27986944,484,19/01/2017 11:01:59,Dolorem corporis voluptates et reiciendis.,nedra.pfeffer@tremblayhamill.org,3,Matter attachment to non-corporate domain
1440,Et rem incidunt odio quos autem.png,ADAMSWITTING,87068593,5289984,484,19/01/2017 11:01:59,Dolorem corporis voluptates et reiciendis.,nedra.pfeffer@tremblayhamill.org,3,Matter attachment to non-corporate domain
1441,Ut necessitatibus soluta similique animi numquam eum aliquam.zip,ORNLEBSACKANDROWE,87433182,19553280,485,16/01/2017 14:07:08,Rerum tenetur culpa porro quis sit.,brain.nienow@tremblayhamill.org,3,Matter attachment to non-corporate domain
1442,Id aut dignissimos vero soluta aliquam explicabo sint.ppt,ORNLEBSACKANDROWE,87433182,32813056,485,16/01/2017 14:07:08,Rerum tenetur culpa porro quis sit.,brain.nienow@tremblayhamill.org,3,Matter attachment to non-corporate domain
1443,Perspiciatis repudiandae modi animi.pdf,ORNLEBSACKANDROWE,87433182,32017408,485,16/01/2017 14:07:08,Rerum tenetur culpa porro quis sit.,brain.nienow@tremblayhamill.org,3,Matter attachment to non-corporate domain
1444,Repellat et veritatis.png,ORNLEBSACKANDROWE,87433182,10013696,485,16/01/2017 14:07:08,Rerum tenetur culpa porro quis sit.,brain.nienow@tremblayhamill.org,3,Matter attachment to non-corporate domain
1445,Non facere aliquid.zip,SCHMITTBALISTRERIANDHICKLE,89490544,3500032,486,18/01/2017 08:20:47,Nesciunt ducimus reprehenderit iure enim quia id quo molestias est.,nedra.pfeffer@tremblayhamill.org,3,Matter attachment to non-corporate domain
1446,Magni eum sed ex maiores.zip,WHITEANDSONS,82662413,81270784,487,18/01/2017 20:14:34,Magnam recusandae dolore mollitia accusamus.,nedra.pfeffer@tremblayhamill.org,3,Matter attachment to non-corporate domain
1447,Dolor cupiditate saepe id.doc,AUERCUMMINGSANDSWIFT,68756729,70625280,488,16/01/2017 08:44:31,Ut delectus reiciendis pariatur aut.,araceli.bode@tremblayhamill.org,3,Matter attachment to non-corporate domain
1448,Voluptatem non et facere minus qui.zip,AUERCUMMINGSANDSWIFT,68756729,14689280,488,16/01/2017 08:44:31,Ut delectus reiciendis pariatur aut.,araceli.bode@tremblayhamill.org,3,Matter attachment to non-corporate domain
1449,Ut placeat possimus quo aut aperiam ut vero enim facere.png,ORNLEBSACKANDROWE,87433182,29594624,489,19/01/2017 10:02:38,Qui architecto voluptatibus vero ut ea.,brain.nienow@tremblayhamill.org,3,Matter attachment to non-corporate domain
1450,Magnam voluptatem dolorum aut quam sint.docx,ORNLEBSACKANDROWE,87433182,81239040,489,19/01/2017 10:02:38,Qui architecto voluptatibus vero ut ea.,brain.nienow@tremblayhamill.org,3,Matter attachment to non-corporate domain
1451,Asperiores ut recusandae.pptx,ORNLEBSACKANDROWE,87433182,33051648,489,19/01/2017 10:02:38,Qui architecto voluptatibus vero ut ea.,brain.nienow@tremblayhamill.org,3,Matter attachment to non-corporate domain
1452,Libero expedita velit labore vero corrupti possimus omnis odit.docx,ORNLEBSACKANDROWE,87433182,17055744,489,19/01/2017 10:02:38,Qui architecto voluptatibus vero ut ea.,brain.nienow@tremblayhamill.org,3,Matter attachment to non-corporate domain
1453,Natus autem sunt odit itaque nam.jpg,ORNLEBSACKANDROWE,87433182,66170880,489,19/01/2017 10:02:38,Qui architecto voluptatibus vero ut ea.,brain.nienow@tremblayhamill.org,3,Matter attachment to non-corporate domain
1454,Officia sint voluptates dolores atque sint delectus.jpg,ROWEGROUP,36840821,68505600,490,18/01/2017 14:06:19,Alias modi et ipsum facere velit dolor sunt officiis perspiciatis.,brain.nienow@tremblayhamill.org,3,Matter attachment to non-corporate domain
1455,Fugiat qui voluptatem optio voluptatem veritatis perspiciatis perferendis.pdf,HARVEYOKONANDTOY,43553751,25183232,491,17/01/2017 12:12:36,Ut repellendus laboriosam vitae et iusto.,josh.walsh@tremblayhamill.org,3,Matter attachment to non-corporate domain
1456,Ut maxime fugiat sit ut quisquam aliquam.xlsx,HARVEYOKONANDTOY,43553751,96348160,491,17/01/2017 12:12:36,Ut repellendus laboriosam vitae et iusto.,josh.walsh@tremblayhamill.org,3,Matter attachment to non-corporate domain
1457,Praesentium illum nihil est tenetur corrupti et id suscipit et.pptx,ORNLEBSACKANDROWE,11914965,8011776,492,18/01/2017 14:17:50,Repellat excepturi repellendus sed praesentium omnis eius laboriosam ut.,nedra.pfeffer@tremblayhamill.org,3,Matter attachment to non-corporate domain
1458,Pariatur impedit dolor.docx,ORNLEBSACKANDROWE,11914965,100094976,492,18/01/2017 14:17:50,Repellat excepturi repellendus sed praesentium omnis eius laboriosam ut.,nedra.pfeffer@tremblayhamill.org,3,Matter attachment to non-corporate domain
1459,Non repellat totam possimus quam est et omnis.ppt,KASSULKESCHUSTERANDPFEFFER,71841126,88327168,493,19/01/2017 14:08:06,Optio facere ad aut.,shawna.grady@tremblayhamill.org,3,Matter attachment to non-corporate domain
1460,Non ipsa provident recusandae.zip,KASSULKESCHUSTERANDPFEFFER,71841126,57264128,493,19/01/2017 14:08:06,Optio facere ad aut.,shawna.grady@tremblayhamill.org,3,Matter attachment to non-corporate domain
1461,Laborum illo eaque voluptas est commodi quis.zip,KASSULKESCHUSTERANDPFEFFER,71841126,86942720,493,19/01/2017 14:08:06,Optio facere ad aut.,shawna.grady@tremblayhamill.org,3,Matter attachment to non-corporate domain
1462,Dolores saepe fuga omnis voluptas ducimus atque earum.jpg,MAYERTKOVACEK,05417545,20323328,494,15/01/2017 14:36:43,Beatae ut quia et illo velit officia beatae aut et.,uriah.schoen@tremblayhamill.org,3,Matter attachment to non-corporate domain
1463,Reprehenderit odit eum ducimus totam dolor id accusantium id exercitationem.doc,MAYERTKOVACEK,05417545,69585920,494,15/01/2017 14:36:43,Beatae ut quia et illo velit officia beatae aut et.,uriah.schoen@tremblayhamill.org,3,Matter attachment to non-corporate domain
1464,Accusamus recusandae harum itaque provident dolore.ppt,MAYERTKOVACEK,05417545,14721024,494,15/01/2017 14:36:43,Beatae ut quia et illo velit officia beatae aut et.,uriah.schoen@tremblayhamill.org,3,Matter attachment to non-corporate domain
1465,Hic vel qui laborum voluptatem accusantium excepturi deserunt.xls,FRIESENINC,77459980,25063424,495,17/01/2017 01:46:30,Amet alias praesentium asperiores quis.,nedra.pfeffer@tremblayhamill.org,3,Matter attachment to non-corporate domain
1466,Eius saepe eum illum perspiciatis velit ut aliquam explicabo.zip,FRIESENINC,77459980,38289408,495,17/01/2017 01:46:30,Amet alias praesentium asperiores quis.,nedra.pfeffer@tremblayhamill.org,3,Matter attachment to non-corporate domain
1467,Quibusdam sint tempora eum minima dolorem veniam molestias sit.ppt,DONNELLYINC,79205762,103038976,496,17/01/2017 13:20:23,Voluptatem ratione ullam voluptas ut dolorem.,soledad.rolfson@tremblayhamill.org,3,Matter attachment to non-corporate domain
1468,Quos dignissimos explicabo occaecati at ab cumque.png,HOPPELEUSCHKEANDTURNER,86103082,62769152,497,16/01/2017 18:31:05,Placeat maiores ratione optio occaecati corporis omnis.,santiago.white@tremblayhamill.org,3,Matter attachment to non-corporate domain
1469,Quos ipsam accusamus illum voluptatem ratione alias aperiam.xls,HOPPELEUSCHKEANDTURNER,86103082,104755200,497,16/01/2017 18:31:05,Placeat maiores ratione optio occaecati corporis omnis.,santiago.white@tremblayhamill.org,3,Matter attachment to non-corporate domain
1470,Quo incidunt quo.docx,HOPPELEUSCHKEANDTURNER,86103082,100533248,497,16/01/2017 18:31:05,Placeat maiores ratione optio occaecati corporis omnis.,santiago.white@tremblayhamill.org,3,Matter attachment to non-corporate domain
1471,Dolores praesentium sint.docx,HOPPELEUSCHKEANDTURNER,86103082,95843328,497,16/01/2017 18:31:05,Placeat maiores ratione optio occaecati corporis omnis.,santiago.white@tremblayhamill.org,3,Matter attachment to non-corporate domain
1472,Omnis repellendus vel consectetur maiores deleniti voluptate voluptas.pptx,HOPPELEUSCHKEANDTURNER,86103082,10040320,497,16/01/2017 18:31:05,Placeat maiores ratione optio occaecati corporis omnis.,santiago.white@tremblayhamill.org,3,Matter attachment to non-corporate domain
1473,Rerum perspiciatis expedita non vel molestiae.zip,MAYERTKOVACEK,78807183,77888512,498,15/01/2017 19:47:26,Sit unde autem.,orpha.medhurst@tremblayhamill.org,3,Matter attachment to non-corporate domain
1474,Iure atque est qui.pdf,MAYERTKOVACEK,78807183,2953216,498,15/01/2017 19:47:26,Sit unde autem.,orpha.medhurst@tremblayhamill.org,3,Matter attachment to non-corporate domain
1475,Doloribus ut magni dolorem vel natus ut.xls,ORNLEBSACKANDROWE,52367076,29230080,499,15/01/2017 03:30:07,Adipisci iste est et dolorum nam quibusdam eligendi hic dicta.,brain.nienow@tremblayhamill.org,3,Matter attachment to non-corporate domain
1476,Nihil odio optio.jpg,ORNLEBSACKANDROWE,52367076,58828800,499,15/01/2017 03:30:07,Adipisci iste est et dolorum nam quibusdam eligendi hic dicta.,brain.nienow@tremblayhamill.org,3,Matter attachment to non-corporate domain
1477,Qui suscipit aliquam corporis ut ducimus autem optio at.png,GREENFELDERLLC,49154819,79382528,500,16/01/2017 12:08:32,Amet sunt dignissimos maiores consequatur.,luigi.hahn@tremblayhamill.org,3,Matter attachment to non-corporate domain
