EmailId,Sent,Subject,Sender,AnomalyType,AnomalyName,Recipient,RecipientType
501,17/01/2017 12:26:09,Eum ad quia voluptas omnis qui quasi voluptas.,shawna.grady@tremblayhamill.org,0,Permitted Matter Attachment Sharing,austyn.lynch@hoppemclaughlin.org,To
502,16/01/2017 02:58:35,Facilis iusto itaque.,brain.nienow@tremblayhamill.org,0,Permitted Matter Attachment Sharing,elyse.hills@klockokautzer.biz,To
503,15/01/2017 02:54:54,A nemo placeat dolorem voluptas voluptatem officia.,soledad.rolfson@tremblayhamill.org,0,Permitted Matter Attachment Sharing,hudson.adams@bergstrommuller.net,To
504,17/01/2017 00:55:41,Nulla expedita rerum quod exercitationem.,santiago.white@tremblayhamill.org,0,Permitted Matter Attachment Sharing,alphonso.ernser@bauchllc.com,To
505,16/01/2017 17:01:58,Et dolores sint quos qui et est esse eius ullam.,soledad.rolfson@tremblayhamill.org,0,Permitted Matter Attachment Sharing,hassan.harvey@connbernhard.org,To
505,16/01/2017 17:01:58,Et dolores sint quos qui et est esse eius ullam.,soledad.rolfson@tremblayhamill.org,0,Permitted Matter Attachment Sharing,aaliyah.orn@morissetteinc.org,To
506,15/01/2017 07:19:23,Voluptatum est eius cupiditate.,araceli.bode@tremblayhamill.org,0,Permitted Matter Attachment Sharing,jettie.dickens@kerluketerry.name,To
507,18/01/2017 11:33:18,Sed magnam atque impedit minus culpa atque omnis.,brain.nienow@tremblayhamill.org,0,Permitted Matter Attachment Sharing,elyse.hills@klockokautzer.biz,To
508,17/01/2017 01:18:04,Amet non illum omnis.,brain.nienow@tremblayhamill.org,0,Permitted Matter Attachment Sharing,claude.okuneva@blickbernier.biz,To
508,17/01/2017 01:18:04,Amet non illum omnis.,brain.nienow@tremblayhamill.org,0,Permitted Matter Attachment Sharing,sid.renner@rowegroup.com,To
509,18/01/2017 18:48:08,Illum pariatur vero.,nedra.pfeffer@tremblayhamill.org,0,Permitted Matter Attachment Sharing,markus.adams@feilrutherfordandschamberger.info,To
510,16/01/2017 11:07:50,Commodi sint non sunt accusantium earum.,nedra.pfeffer@tremblayhamill.org,0,Permitted Matter Attachment Sharing,molly.donnelly@nienowernser.info,To
510,16/01/2017 11:07:50,Commodi sint non sunt accusantium earum.,nedra.pfeffer@tremblayhamill.org,0,Permitted Matter Attachment Sharing,alene.conroy@sporerandsons.com,To
511,16/01/2017 16:31:40,Tenetur sit autem suscipit dolor hic vitae et.,luigi.hahn@tremblayhamill.org,0,Permitted Matter Attachment Sharing,kelvin.grant@goyetteschowalterandwalker.com,To
512,17/01/2017 02:32:18,Quae aliquam expedita officiis aut aperiam corporis nisi.,nedra.pfeffer@tremblayhamill.org,0,Permitted Matter Attachment Sharing,sterling.shanahan@rowegroup.com,To
513,19/01/2017 23:39:12,Dolorum laboriosam consequatur sapiente.,araceli.bode@tremblayhamill.org,0,Permitted Matter Attachment Sharing,rachel.padberg@goodwinstrackeandsenger.name,To
514,19/01/2017 15:06:03,At sint ut debitis.,nedra.pfeffer@tremblayhamill.org,0,Permitted Matter Attachment Sharing,maria.johnston@daughertyandsons.com,To
514,19/01/2017 15:06:03,At sint ut debitis.,nedra.pfeffer@tremblayhamill.org,0,Permitted Matter Attachment Sharing,cristobal.ernser@greenfelderllc.biz,To
515,18/01/2017 17:57:52,Consequuntur consequuntur tempore distinctio quod.,santiago.white@tremblayhamill.org,0,Permitted Matter Attachment Sharing,janae.kozey@bergeborerandratke.com,To
516,17/01/2017 13:30:06,Quo explicabo reprehenderit repellendus porro officiis minima porro eum quae.,santiago.white@tremblayhamill.org,0,Permitted Matter Attachment Sharing,yasmine.lueilwitz@ferryinc.name,To
517,18/01/2017 01:52:21,Non labore vel perspiciatis aut odio sunt voluptas rerum.,brain.nienow@tremblayhamill.org,0,Permitted Matter Attachment Sharing,adonis.miller@sipesllc.name,To
517,18/01/2017 01:52:21,Non labore vel perspiciatis aut odio sunt voluptas rerum.,brain.nienow@tremblayhamill.org,0,Permitted Matter Attachment Sharing,trenton.barrows@connquigley.net,To
518,16/01/2017 23:00:07,Iure nemo non.,araceli.bode@tremblayhamill.org,0,Permitted Matter Attachment Sharing,bud.veum@botsfordkassulke.info,To
519,15/01/2017 16:25:03,Vero minima quas adipisci quasi.,shawna.grady@tremblayhamill.org,0,Permitted Matter Attachment Sharing,keaton.jakubowski@kassulkeschusterandpfeffer.com,To
520,15/01/2017 03:10:11,Eos perferendis quo et est unde unde aliquid eveniet eius.,nedra.pfeffer@tremblayhamill.org,0,Permitted Matter Attachment Sharing,michel.kulas@luettgenmacejkovicandharvey.biz,To
520,15/01/2017 03:10:11,Eos perferendis quo et est unde unde aliquid eveniet eius.,nedra.pfeffer@tremblayhamill.org,0,Permitted Matter Attachment Sharing,patricia.rice@konopelskiernserandbrakus.info,To
521,18/01/2017 23:43:01,Et occaecati ipsum nostrum aut veniam autem distinctio.,orpha.medhurst@tremblayhamill.org,0,Permitted Matter Attachment Sharing,aglae.reichert@fadelllc.name,To
521,18/01/2017 23:43:01,Et occaecati ipsum nostrum aut veniam autem distinctio.,orpha.medhurst@tremblayhamill.org,0,Permitted Matter Attachment Sharing,russel.pfeffer@kozeypfannerstill.com,To
522,17/01/2017 13:59:13,Quaerat ducimus et natus cupiditate.,josh.walsh@tremblayhamill.org,0,Permitted Matter Attachment Sharing,nikko.gibson@runtekutch.com,To
523,18/01/2017 06:37:33,Quia asperiores voluptatem qui velit rem iure.,brain.nienow@tremblayhamill.org,0,Permitted Matter Attachment Sharing,chad.sauer@hamillllc.info,To
523,18/01/2017 06:37:33,Quia asperiores voluptatem qui velit rem iure.,brain.nienow@tremblayhamill.org,0,Permitted Matter Attachment Sharing,caesar.rau@dietrichllc.name,To
524,18/01/2017 20:53:14,Sunt quidem at non dicta nulla numquam et quibusdam ab.,santiago.white@tremblayhamill.org,0,Permitted Matter Attachment Sharing,karley.lynch@stromanandsons.org,To
525,15/01/2017 06:49:12,Ipsa id esse doloribus earum sit ea est unde est.,brain.nienow@tremblayhamill.org,0,Permitted Matter Attachment Sharing,enid.jaskolski@millsrodriguezandbahringer.name,To
525,15/01/2017 06:49:12,Ipsa id esse doloribus earum sit ea est unde est.,brain.nienow@tremblayhamill.org,0,Permitted Matter Attachment Sharing,elyse.hills@klockokautzer.biz,To
526,17/01/2017 00:08:58,Sunt fugiat sint cumque natus quasi alias ea.,santiago.white@tremblayhamill.org,0,Permitted Matter Attachment Sharing,wilber.bergnaum@rohanandsons.biz,To
527,19/01/2017 21:13:29,Deleniti consectetur qui.,orpha.medhurst@tremblayhamill.org,0,Permitted Matter Attachment Sharing,alverta.hane@runtekutch.com,To
528,19/01/2017 12:10:13,Veniam velit laborum qui sed harum libero pariatur ea placeat.,soledad.rolfson@tremblayhamill.org,0,Permitted Matter Attachment Sharing,ellie.rippin@tillmanlangandrogahn.info,To
529,17/01/2017 10:14:27,Commodi rem sit et et qui reiciendis ratione.,soledad.rolfson@tremblayhamill.org,0,Permitted Matter Attachment Sharing,claudie.stracke@beermurrayandoberbrunner.net,To
530,16/01/2017 20:13:45,Beatae assumenda amet blanditiis blanditiis dolor repellat consequatur quia.,araceli.bode@tremblayhamill.org,0,Permitted Matter Attachment Sharing,tracy.murphy@hillsllc.name,To
530,16/01/2017 20:13:45,Beatae assumenda amet blanditiis blanditiis dolor repellat consequatur quia.,araceli.bode@tremblayhamill.org,0,Permitted Matter Attachment Sharing,rachael.franecki@fadelllc.name,To
531,18/01/2017 22:38:47,Aut ipsa enim occaecati dolorem et et sed.,nedra.pfeffer@tremblayhamill.org,0,Permitted Matter Attachment Sharing,maria.kub@rutherfordrenner.net,To
532,19/01/2017 06:32:30,Sit in omnis non.,luigi.hahn@tremblayhamill.org,0,Permitted Matter Attachment Sharing,estelle.marquardt@olsonratke.name,To
533,17/01/2017 07:05:00,Tempore nobis earum quis.,uriah.schoen@tremblayhamill.org,0,Permitted Matter Attachment Sharing,manuel.johnston@heaneyheller.com,To
534,15/01/2017 18:19:34,Voluptatem atque numquam enim eos doloribus sed enim est.,uriah.schoen@tremblayhamill.org,0,Permitted Matter Attachment Sharing,jeromy.kunde@wilkinsonwalterandrosenbaum.net,To
535,16/01/2017 20:29:56,Facere tempora consectetur corrupti molestiae esse rerum sed ratione.,santiago.white@tremblayhamill.org,0,Permitted Matter Attachment Sharing,steve.gorczany@mrazgroup.biz,To
536,16/01/2017 05:28:44,Nemo pariatur id dolores quaerat voluptate vel quis iusto ad.,uriah.schoen@tremblayhamill.org,0,Permitted Matter Attachment Sharing,cristal.rutherford@frieseninc.com,To
537,15/01/2017 01:30:15,Beatae aliquid qui dolorem non nesciunt.,brain.nienow@tremblayhamill.org,0,Permitted Matter Attachment Sharing,sterling.shanahan@rowegroup.com,To
537,15/01/2017 01:30:15,Beatae aliquid qui dolorem non nesciunt.,brain.nienow@tremblayhamill.org,0,Permitted Matter Attachment Sharing,lon.anderson@ankundingandsons.net,To
538,19/01/2017 06:06:25,Fugiat eum quae repellat.,shawna.grady@tremblayhamill.org,0,Permitted Matter Attachment Sharing,theron.kuphal@marquardtllc.com,To
539,18/01/2017 00:19:37,Dolore rerum ut voluptate optio perferendis laborum a.,nedra.pfeffer@tremblayhamill.org,0,Permitted Matter Attachment Sharing,clementine.borer@schulistrath.com,To
540,18/01/2017 19:41:20,Aliquid doloribus consectetur.,santiago.white@tremblayhamill.org,0,Permitted Matter Attachment Sharing,johathan.mann@paucekllc.biz,To
540,18/01/2017 19:41:20,Aliquid doloribus consectetur.,santiago.white@tremblayhamill.org,0,Permitted Matter Attachment Sharing,alden.yundt@legrosmarksandmarvin.net,To
541,17/01/2017 17:25:09,Vel voluptatem molestias sunt tempore.,nedra.pfeffer@tremblayhamill.org,0,Permitted Matter Attachment Sharing,rigoberto.corkery@keeblergroup.biz,To
541,17/01/2017 17:25:09,Vel voluptatem molestias sunt tempore.,nedra.pfeffer@tremblayhamill.org,0,Permitted Matter Attachment Sharing,gerald.boyle@leschhermann.net,To
542,17/01/2017 05:04:32,Deleniti inventore nihil.,shawna.grady@tremblayhamill.org,0,Permitted Matter Attachment Sharing,gloria.langosh@effertzkunzeandmosciski.net,To
543,15/01/2017 05:40:49,Et consequatur est et nemo non id nostrum voluptatem.,josh.walsh@tremblayhamill.org,0,Permitted Matter Attachment Sharing,dameon.kreiger@creminhaag.info,To
544,18/01/2017 11:00:32,Tenetur et ut sed vitae vel et.,nedra.pfeffer@tremblayhamill.org,0,Permitted Matter Attachment Sharing,columbus.upton@bauchllc.com,To
545,19/01/2017 03:49:46,Laudantium maxime expedita doloremque aut voluptatibus similique.,nedra.pfeffer@tremblayhamill.org,0,Permitted Matter Attachment Sharing,tillman.boehm@colestanton.net,To
546,18/01/2017 10:32:16,Est consequatur nemo architecto.,luigi.hahn@tremblayhamill.org,0,Permitted Matter Attachment Sharing,mallie.bosco@bernhardrath.com,To
547,16/01/2017 09:31:31,Nisi nostrum placeat occaecati.,luigi.hahn@tremblayhamill.org,0,Permitted Matter Attachment Sharing,jerome.purdy@ryanllc.name,To
547,16/01/2017 09:31:31,Nisi nostrum placeat occaecati.,luigi.hahn@tremblayhamill.org,0,Permitted Matter Attachment Sharing,justen.rodriguez@feildenesikandtorphy.name,To
548,19/01/2017 10:27:20,Aliquid quam sed a.,araceli.bode@tremblayhamill.org,0,Permitted Matter Attachment Sharing,otilia.mertz@faheygroup.net,To
548,19/01/2017 10:27:20,Aliquid quam sed a.,araceli.bode@tremblayhamill.org,0,Permitted Matter Attachment Sharing,randi.metz@steubergroup.net,To
549,17/01/2017 23:05:22,Quod et animi velit ut et.,luigi.hahn@tremblayhamill.org,0,Permitted Matter Attachment Sharing,sandy.kohler@pricehayesandolson.com,To
550,15/01/2017 01:35:12,Excepturi quia rerum iure rerum mollitia rerum voluptatem nemo.,brain.nienow@tremblayhamill.org,0,Permitted Matter Attachment Sharing,victor.wisoky@harveyokonandtoy.org,To
551,19/01/2017 06:12:27,Alias ratione consequatur.,shawna.grady@tremblayhamill.org,0,Permitted Matter Attachment Sharing,noel.ritchie@rutherfordrenner.net,To
551,19/01/2017 06:12:27,Alias ratione consequatur.,shawna.grady@tremblayhamill.org,0,Permitted Matter Attachment Sharing,janelle.schultz@jaskolskigroup.biz,To
552,18/01/2017 05:27:38,Temporibus voluptatem harum temporibus nihil deserunt facilis quia non veniam.,luigi.hahn@tremblayhamill.org,0,Permitted Matter Attachment Sharing,lucious.rutherford@waelchiturner.name,To
553,17/01/2017 16:35:27,Veniam voluptatem deleniti error vel.,nedra.pfeffer@tremblayhamill.org,0,Permitted Matter Attachment Sharing,joany.mcdermott@gerlachandsons.info,To
554,19/01/2017 18:57:50,Autem quasi consequatur.,orpha.medhurst@tremblayhamill.org,0,Permitted Matter Attachment Sharing,brianne.trantow@olsonratke.name,To
555,16/01/2017 17:40:30,Officiis quae at sit repudiandae velit nisi.,luigi.hahn@tremblayhamill.org,0,Permitted Matter Attachment Sharing,orville.yost@hirthehilpert.net,To
556,15/01/2017 15:32:52,Reprehenderit voluptatibus fugiat reprehenderit et nesciunt in quod rerum aut.,soledad.rolfson@tremblayhamill.org,0,Permitted Matter Attachment Sharing,antwon.pfeffer@schuppekihn.org,To
557,17/01/2017 09:57:10,Nam est laboriosam delectus aut ea ut nihil.,araceli.bode@tremblayhamill.org,0,Permitted Matter Attachment Sharing,bernie.dickinson@okeefeconroy.name,To
558,19/01/2017 20:23:47,Quisquam et iusto rerum voluptatibus quas.,luigi.hahn@tremblayhamill.org,0,Permitted Matter Attachment Sharing,dalton.hoppe@shieldsgroup.org,To
559,19/01/2017 15:25:58,Sit culpa illo autem earum dolore tenetur non qui omnis.,santiago.white@tremblayhamill.org,0,Permitted Matter Attachment Sharing,meghan.ledner@ankundingandsons.net,To
560,18/01/2017 06:39:58,Quia expedita veniam vitae quia in ratione quaerat.,araceli.bode@tremblayhamill.org,0,Permitted Matter Attachment Sharing,donna.frami@effertzkunzeandmosciski.net,To
561,19/01/2017 04:01:52,Officiis sint alias harum odio molestiae quaerat distinctio enim a.,josh.walsh@tremblayhamill.org,0,Permitted Matter Attachment Sharing,erick.heathcote@blickbernier.biz,To
562,15/01/2017 00:44:26,Sunt dolorem et ratione.,araceli.bode@tremblayhamill.org,0,Permitted Matter Attachment Sharing,vidal.volkman@tillmanlangandrogahn.info,To
563,16/01/2017 07:52:02,Non blanditiis ea corporis velit.,brain.nienow@tremblayhamill.org,0,Permitted Matter Attachment Sharing,makenna.tremblay@koeppandsons.net,To
564,18/01/2017 10:32:49,Dolores nam corporis placeat molestias consectetur enim quas.,santiago.white@tremblayhamill.org,0,Permitted Matter Attachment Sharing,berenice.corkery@schuppeinc.name,To
565,18/01/2017 21:08:19,Sed voluptatem eaque saepe autem magnam corrupti quia ipsa consequatur.,josh.walsh@tremblayhamill.org,0,Permitted Matter Attachment Sharing,cassandra.rice@blickhermannandbecker.net,To
566,18/01/2017 20:17:14,Error ullam laborum alias sapiente.,araceli.bode@tremblayhamill.org,0,Permitted Matter Attachment Sharing,bridie.mitchell@millsrodriguezandbahringer.name,To
567,19/01/2017 22:21:19,Amet et quas.,araceli.bode@tremblayhamill.org,0,Permitted Matter Attachment Sharing,summer.franecki@robertsrolfson.com,To
568,17/01/2017 03:52:11,Mollitia voluptas repellat fugit porro architecto eligendi unde voluptas.,santiago.white@tremblayhamill.org,0,Permitted Matter Attachment Sharing,margie.cummerata@kreigermurazik.org,To
568,17/01/2017 03:52:11,Mollitia voluptas repellat fugit porro architecto eligendi unde voluptas.,santiago.white@tremblayhamill.org,0,Permitted Matter Attachment Sharing,addie.franecki@baumbachandersonandwhite.com,To
568,17/01/2017 03:52:11,Mollitia voluptas repellat fugit porro architecto eligendi unde voluptas.,santiago.white@tremblayhamill.org,0,Permitted Matter Attachment Sharing,alejandrin.marks@pricehayesandolson.com,To
568,17/01/2017 03:52:11,Mollitia voluptas repellat fugit porro architecto eligendi unde voluptas.,santiago.white@tremblayhamill.org,0,Permitted Matter Attachment Sharing,bernhard.botsford@hintzbradtkeandberge.name,To
569,17/01/2017 18:50:48,Voluptatem dolor placeat ipsum enim veniam dolores enim eaque.,araceli.bode@tremblayhamill.org,0,Permitted Matter Attachment Sharing,vidal.volkman@tillmanlangandrogahn.info,To
570,16/01/2017 09:49:45,Fugit atque rem soluta laborum labore dolorem sit sunt quia.,santiago.white@tremblayhamill.org,0,Permitted Matter Attachment Sharing,kali.schroeder@millsrodriguezandbahringer.name,To
571,15/01/2017 13:44:38,Repellat dicta qui sit hic.,uriah.schoen@tremblayhamill.org,0,Permitted Matter Attachment Sharing,kadin.weber@mckenziewolf.name,To
572,15/01/2017 18:43:26,Saepe distinctio ea ratione necessitatibus sit similique quibusdam alias ad.,luigi.hahn@tremblayhamill.org,0,Permitted Matter Attachment Sharing,malcolm.farrell@greenfelderllc.biz,To
573,18/01/2017 11:15:57,Occaecati porro ipsa ad repudiandae consequuntur sit aut eligendi optio.,soledad.rolfson@tremblayhamill.org,0,Permitted Matter Attachment Sharing,golda.deckow@rowegrant.net,To
574,18/01/2017 01:56:18,Doloribus dolorum deserunt quasi quia porro atque nulla sed.,uriah.schoen@tremblayhamill.org,0,Permitted Matter Attachment Sharing,margarete.auer@paucekllc.biz,To
574,18/01/2017 01:56:18,Doloribus dolorum deserunt quasi quia porro atque nulla sed.,uriah.schoen@tremblayhamill.org,0,Permitted Matter Attachment Sharing,blanca.kilback@lubowitzbeattyanddietrich.com,To
574,18/01/2017 01:56:18,Doloribus dolorum deserunt quasi quia porro atque nulla sed.,uriah.schoen@tremblayhamill.org,0,Permitted Matter Attachment Sharing,dion.vonrueden@kassulkeschusterandpfeffer.com,To
575,18/01/2017 00:42:50,Fugiat impedit beatae consectetur.,nedra.pfeffer@tremblayhamill.org,0,Permitted Matter Attachment Sharing,fay.kuhn@leuschkekrajcik.biz,To
576,15/01/2017 04:09:51,Amet explicabo beatae possimus dolores est reiciendis accusantium voluptatum ullam.,orpha.medhurst@tremblayhamill.org,0,Permitted Matter Attachment Sharing,cayla.hayes@schneiderfahey.net,To
577,18/01/2017 10:05:09,Nulla dolores occaecati autem.,nedra.pfeffer@tremblayhamill.org,0,Permitted Matter Attachment Sharing,murray.kreiger@romagueragroup.info,To
578,18/01/2017 07:27:42,Et consequatur doloribus.,orpha.medhurst@tremblayhamill.org,0,Permitted Matter Attachment Sharing,izabella.lakin@jaskolskigroup.biz,To
579,16/01/2017 21:01:29,Earum sequi dolorem dolore enim qui non asperiores eius.,soledad.rolfson@tremblayhamill.org,0,Permitted Matter Attachment Sharing,gerry.heathcote@walterinc.info,To
579,16/01/2017 21:01:29,Earum sequi dolorem dolore enim qui non asperiores eius.,soledad.rolfson@tremblayhamill.org,0,Permitted Matter Attachment Sharing,percival.harris@sporerkilbackandmarvin.net,To
580,16/01/2017 22:56:29,Ea ullam nobis ullam vitae dolor et modi nemo.,orpha.medhurst@tremblayhamill.org,0,Permitted Matter Attachment Sharing,tyrel.lakin@torpinc.name,To
581,17/01/2017 03:10:43,Expedita ratione voluptatem harum in consectetur qui ea repudiandae ut.,orpha.medhurst@tremblayhamill.org,0,Permitted Matter Attachment Sharing,seth.nicolas@okeefeconroy.name,To
582,18/01/2017 10:05:07,Consequatur consequatur suscipit ratione illo qui officiis natus qui quis.,soledad.rolfson@tremblayhamill.org,0,Permitted Matter Attachment Sharing,brianne.kiehn@schmittbalistreriandhickle.info,To
583,19/01/2017 00:52:55,Impedit eligendi omnis quibusdam eum.,nedra.pfeffer@tremblayhamill.org,0,Permitted Matter Attachment Sharing,murray.kreiger@romagueragroup.info,To
583,19/01/2017 00:52:55,Impedit eligendi omnis quibusdam eum.,nedra.pfeffer@tremblayhamill.org,0,Permitted Matter Attachment Sharing,fay.kuhn@leuschkekrajcik.biz,To
584,18/01/2017 05:43:21,Explicabo et sit sit velit officia.,araceli.bode@tremblayhamill.org,0,Permitted Matter Attachment Sharing,desiree.klocko@gibsoncreminandlebsack.info,To
585,18/01/2017 17:10:59,Quas officia dolorem adipisci voluptas optio ea et.,orpha.medhurst@tremblayhamill.org,0,Permitted Matter Attachment Sharing,daryl.bailey@mertzwilderman.org,To
586,18/01/2017 06:58:35,Numquam quisquam architecto earum quaerat atque odio dolores ut.,orpha.medhurst@tremblayhamill.org,0,Permitted Matter Attachment Sharing,elliott.schimmel@haleyllc.name,To
587,17/01/2017 18:27:55,Corporis autem sit perspiciatis est quos quis eligendi aut.,luigi.hahn@tremblayhamill.org,0,Permitted Matter Attachment Sharing,lucious.rutherford@waelchiturner.name,To
588,17/01/2017 10:57:41,Quam et dignissimos sunt nesciunt nulla iste non vel.,nedra.pfeffer@tremblayhamill.org,0,Permitted Matter Attachment Sharing,izaiah.kuhlman@walshschowalter.info,To
589,19/01/2017 08:20:34,Minus et aut natus autem.,orpha.medhurst@tremblayhamill.org,0,Permitted Matter Attachment Sharing,roosevelt.lindgren@beermurrayandoberbrunner.net,To
590,19/01/2017 08:40:02,Eligendi est cumque aut cumque.,orpha.medhurst@tremblayhamill.org,0,Permitted Matter Attachment Sharing,ellie.cummings@hermangroup.net,To
591,15/01/2017 10:23:17,Tenetur placeat laudantium in beatae eligendi.,araceli.bode@tremblayhamill.org,0,Permitted Matter Attachment Sharing,gabe.wisozk@westandsons.org,To
592,18/01/2017 09:39:50,Et dolor nesciunt in deserunt deserunt earum omnis.,araceli.bode@tremblayhamill.org,0,Permitted Matter Attachment Sharing,mavis.wyman@weissnatpredovicandmitchell.info,To
593,15/01/2017 02:25:27,Neque explicabo voluptas at consequuntur.,brain.nienow@tremblayhamill.org,0,Permitted Matter Attachment Sharing,nikolas.effertz@koepphagenesandkulas.name,To
594,15/01/2017 00:51:02,Dicta debitis nobis sed.,josh.walsh@tremblayhamill.org,0,Permitted Matter Attachment Sharing,carley.smith@ferryinc.name,To
595,17/01/2017 12:33:41,In nam earum omnis repudiandae et fugiat quia laborum.,uriah.schoen@tremblayhamill.org,0,Permitted Matter Attachment Sharing,elnora.rogahn@adamswitting.org,To
596,17/01/2017 06:07:35,Eum quia qui libero expedita explicabo.,soledad.rolfson@tremblayhamill.org,0,Permitted Matter Attachment Sharing,camylle.leannon@olsonratke.name,To
597,16/01/2017 15:02:09,Omnis eum sunt accusamus sunt delectus in ipsum et.,soledad.rolfson@tremblayhamill.org,0,Permitted Matter Attachment Sharing,golda.deckow@rowegrant.net,To
598,19/01/2017 07:31:39,Eum est animi ut quisquam.,orpha.medhurst@tremblayhamill.org,0,Permitted Matter Attachment Sharing,antonietta.graham@tillmanlangandrogahn.info,To
599,18/01/2017 05:03:47,Molestiae quod sed beatae recusandae odit voluptates quaerat.,nedra.pfeffer@tremblayhamill.org,0,Permitted Matter Attachment Sharing,salvador.ondricka@gottliebhermistonandcole.info,To
600,15/01/2017 19:32:43,Adipisci veritatis omnis molestiae sequi unde quis.,santiago.white@tremblayhamill.org,0,Permitted Matter Attachment Sharing,alphonso.ernser@bauchllc.com,To
504,17/01/2017 00:55:41,Nulla expedita rerum quod exercitationem.,santiago.white@tremblayhamill.org,0,Permitted Matter Attachment Sharing,kira.champlin@ornlebsackandrowe.org,Cc
505,16/01/2017 17:01:58,Et dolores sint quos qui et est esse eius ullam.,soledad.rolfson@tremblayhamill.org,0,Permitted Matter Attachment Sharing,zane.rempel@oharakemmer.biz,Cc
505,16/01/2017 17:01:58,Et dolores sint quos qui et est esse eius ullam.,soledad.rolfson@tremblayhamill.org,0,Permitted Matter Attachment Sharing,aaliyah.orn@morissetteinc.org,Cc
510,16/01/2017 11:07:50,Commodi sint non sunt accusantium earum.,nedra.pfeffer@tremblayhamill.org,0,Permitted Matter Attachment Sharing,price.maggio@bartellinc.name,Cc
514,19/01/2017 15:06:03,At sint ut debitis.,nedra.pfeffer@tremblayhamill.org,0,Permitted Matter Attachment Sharing,cristobal.ernser@greenfelderllc.biz,Cc
520,15/01/2017 03:10:11,Eos perferendis quo et est unde unde aliquid eveniet eius.,nedra.pfeffer@tremblayhamill.org,0,Permitted Matter Attachment Sharing,patricia.rice@konopelskiernserandbrakus.info,Cc
525,15/01/2017 06:49:12,Ipsa id esse doloribus earum sit ea est unde est.,brain.nienow@tremblayhamill.org,0,Permitted Matter Attachment Sharing,elyse.hills@klockokautzer.biz,Cc
537,15/01/2017 01:30:15,Beatae aliquid qui dolorem non nesciunt.,brain.nienow@tremblayhamill.org,0,Permitted Matter Attachment Sharing,lon.anderson@ankundingandsons.net,Cc
541,17/01/2017 17:25:09,Vel voluptatem molestias sunt tempore.,nedra.pfeffer@tremblayhamill.org,0,Permitted Matter Attachment Sharing,newton.kub@hermistoninc.biz,Cc
544,18/01/2017 11:00:32,Tenetur et ut sed vitae vel et.,nedra.pfeffer@tremblayhamill.org,0,Permitted Matter Attachment Sharing,joany.mcdermott@gerlachandsons.info,Cc
551,19/01/2017 06:12:27,Alias ratione consequatur.,shawna.grady@tremblayhamill.org,0,Permitted Matter Attachment Sharing,janelle.schultz@jaskolskigroup.biz,Cc
556,15/01/2017 15:32:52,Reprehenderit voluptatibus fugiat reprehenderit et nesciunt in quod rerum aut.,soledad.rolfson@tremblayhamill.org,0,Permitted Matter Attachment Sharing,norma.hamill@torpinc.name,Cc
557,17/01/2017 09:57:10,Nam est laboriosam delectus aut ea ut nihil.,araceli.bode@tremblayhamill.org,0,Permitted Matter Attachment Sharing,beatrice.christiansen@hoppemclaughlin.org,Cc
563,16/01/2017 07:52:02,Non blanditiis ea corporis velit.,brain.nienow@tremblayhamill.org,0,Permitted Matter Attachment Sharing,dallin.russel@ornlebsackandrowe.org,Cc
568,17/01/2017 03:52:11,Mollitia voluptas repellat fugit porro architecto eligendi unde voluptas.,santiago.white@tremblayhamill.org,0,Permitted Matter Attachment Sharing,bernhard.botsford@hintzbradtkeandberge.name,Cc
570,16/01/2017 09:49:45,Fugit atque rem soluta laborum labore dolorem sit sunt quia.,santiago.white@tremblayhamill.org,0,Permitted Matter Attachment Sharing,haven.pouros@ricewestandtoy.org,Cc
573,18/01/2017 11:15:57,Occaecati porro ipsa ad repudiandae consequuntur sit aut eligendi optio.,soledad.rolfson@tremblayhamill.org,0,Permitted Matter Attachment Sharing,marcelle.hagenes@kiehngroup.biz,Cc
574,18/01/2017 01:56:18,Doloribus dolorum deserunt quasi quia porro atque nulla sed.,uriah.schoen@tremblayhamill.org,0,Permitted Matter Attachment Sharing,elnora.rogahn@adamswitting.org,Cc
579,16/01/2017 21:01:29,Earum sequi dolorem dolore enim qui non asperiores eius.,soledad.rolfson@tremblayhamill.org,0,Permitted Matter Attachment Sharing,jonathon.hand@kunzegroup.org,Cc
583,19/01/2017 00:52:55,Impedit eligendi omnis quibusdam eum.,nedra.pfeffer@tremblayhamill.org,0,Permitted Matter Attachment Sharing,fay.kuhn@leuschkekrajcik.biz,Cc
598,19/01/2017 07:31:39,Eum est animi ut quisquam.,orpha.medhurst@tremblayhamill.org,0,Permitted Matter Attachment Sharing,chad.bode@beermurrayandoberbrunner.net,Cc
503,15/01/2017 02:54:54,A nemo placeat dolorem voluptas voluptatem officia.,soledad.rolfson@tremblayhamill.org,0,Permitted Matter Attachment Sharing,emmalee.daugherty@rutherfordrenner.net,Bcc
508,17/01/2017 01:18:04,Amet non illum omnis.,brain.nienow@tremblayhamill.org,0,Permitted Matter Attachment Sharing,sid.renner@rowegroup.com,Bcc
510,16/01/2017 11:07:50,Commodi sint non sunt accusantium earum.,nedra.pfeffer@tremblayhamill.org,0,Permitted Matter Attachment Sharing,price.maggio@bartellinc.name,Bcc
510,16/01/2017 11:07:50,Commodi sint non sunt accusantium earum.,nedra.pfeffer@tremblayhamill.org,0,Permitted Matter Attachment Sharing,alene.conroy@sporerandsons.com,Bcc
514,19/01/2017 15:06:03,At sint ut debitis.,nedra.pfeffer@tremblayhamill.org,0,Permitted Matter Attachment Sharing,cristobal.ernser@greenfelderllc.biz,Bcc
517,18/01/2017 01:52:21,Non labore vel perspiciatis aut odio sunt voluptas rerum.,brain.nienow@tremblayhamill.org,0,Permitted Matter Attachment Sharing,trenton.barrows@connquigley.net,Bcc
518,16/01/2017 23:00:07,Iure nemo non.,araceli.bode@tremblayhamill.org,0,Permitted Matter Attachment Sharing,tracy.murphy@hillsllc.name,Bcc
523,18/01/2017 06:37:33,Quia asperiores voluptatem qui velit rem iure.,brain.nienow@tremblayhamill.org,0,Permitted Matter Attachment Sharing,justina.stanton@bernhardlehner.info,Bcc
525,15/01/2017 06:49:12,Ipsa id esse doloribus earum sit ea est unde est.,brain.nienow@tremblayhamill.org,0,Permitted Matter Attachment Sharing,elyse.hills@klockokautzer.biz,Bcc
530,16/01/2017 20:13:45,Beatae assumenda amet blanditiis blanditiis dolor repellat consequatur quia.,araceli.bode@tremblayhamill.org,0,Permitted Matter Attachment Sharing,halle.o'conner@kochgroup.biz,Bcc
536,16/01/2017 05:28:44,Nemo pariatur id dolores quaerat voluptate vel quis iusto ad.,uriah.schoen@tremblayhamill.org,0,Permitted Matter Attachment Sharing,junior.reilly@dickidibbert.com,Bcc
541,17/01/2017 17:25:09,Vel voluptatem molestias sunt tempore.,nedra.pfeffer@tremblayhamill.org,0,Permitted Matter Attachment Sharing,newton.kub@hermistoninc.biz,Bcc
546,18/01/2017 10:32:16,Est consequatur nemo architecto.,luigi.hahn@tremblayhamill.org,0,Permitted Matter Attachment Sharing,earnest.watsica@mcglynnmertzandkozey.net,Bcc
546,18/01/2017 10:32:16,Est consequatur nemo architecto.,luigi.hahn@tremblayhamill.org,0,Permitted Matter Attachment Sharing,ricky.jones@bechtelaruptonandhilll.com,Bcc
556,15/01/2017 15:32:52,Reprehenderit voluptatibus fugiat reprehenderit et nesciunt in quod rerum aut.,soledad.rolfson@tremblayhamill.org,0,Permitted Matter Attachment Sharing,norma.hamill@torpinc.name,Bcc
561,19/01/2017 04:01:52,Officiis sint alias harum odio molestiae quaerat distinctio enim a.,josh.walsh@tremblayhamill.org,0,Permitted Matter Attachment Sharing,celestino.o'reilly@keeblergroup.biz,Bcc
563,16/01/2017 07:52:02,Non blanditiis ea corporis velit.,brain.nienow@tremblayhamill.org,0,Permitted Matter Attachment Sharing,dallin.russel@ornlebsackandrowe.org,Bcc
568,17/01/2017 03:52:11,Mollitia voluptas repellat fugit porro architecto eligendi unde voluptas.,santiago.white@tremblayhamill.org,0,Permitted Matter Attachment Sharing,addie.franecki@baumbachandersonandwhite.com,Bcc
568,17/01/2017 03:52:11,Mollitia voluptas repellat fugit porro architecto eligendi unde voluptas.,santiago.white@tremblayhamill.org,0,Permitted Matter Attachment Sharing,alejandrin.marks@pricehayesandolson.com,Bcc
574,18/01/2017 01:56:18,Doloribus dolorum deserunt quasi quia porro atque nulla sed.,uriah.schoen@tremblayhamill.org,0,Permitted Matter Attachment Sharing,blanca.kilback@lubowitzbeattyanddietrich.com,Bcc
574,18/01/2017 01:56:18,Doloribus dolorum deserunt quasi quia porro atque nulla sed.,uriah.schoen@tremblayhamill.org,0,Permitted Matter Attachment Sharing,dion.vonrueden@kassulkeschusterandpfeffer.com,Bcc
577,18/01/2017 10:05:09,Nulla dolores occaecati autem.,nedra.pfeffer@tremblayhamill.org,0,Permitted Matter Attachment Sharing,hillary.zulauf@auercummingsandswift.biz,Bcc
579,16/01/2017 21:01:29,Earum sequi dolorem dolore enim qui non asperiores eius.,soledad.rolfson@tremblayhamill.org,0,Permitted Matter Attachment Sharing,jonathon.hand@kunzegroup.org,Bcc
